Year,Week,SMN,SMT,VCI,TCI,VHI,empty,Area
1982,2.0,0.061,260.12,38.92,42.42,40.67,,27
1982,3.0,0.059,260.66,36.22,42.39,39.3,,27
1982,4.0,0.058,261.71,35.32,41.06,38.19,,27
1982,5.0,0.053,261.2,31.66,48.09,39.88,,27
1982,6.0,0.049,261.38,26.05,53.1,39.58,,27
1982,7.0,0.048,262.4,22.34,56.26,39.3,,27
1982,8.0,0.049,264.1,20.55,56.89,38.72,,27
1982,9.0,0.054,266.82,20.26,51.61,35.94,,27
1982,10.0,0.062,269.94,21.45,45.16,33.31,,27
1982,11.0,0.077,272.94,25.49,38.56,32.02,,27
1982,12.0,0.096,275.41,29.59,38.38,33.98,,27
1982,13.0,0.11,277.77,29.73,39.53,34.63,,27
1982,14.0,0.123,280.08,27.13,41.82,34.47,,27
1982,15.0,0.136,281.67,20.48,51.65,36.06,,27
1982,16.0,0.157,283.51,16.7,62.02,39.36,,27
1982,17.0,0.183,285.45,13.99,72.5,43.24,,27
1982,18.0,0.224,287.57,17.03,74.05,45.54,,27
1982,19.0,0.27,289.45,19.93,71.65,45.79,,27
1982,20.0,0.314,290.95,22.76,69.65,46.21,,27
1982,21.0,0.349,291.7,23.86,70.9,47.38,,27
1982,22.0,0.375,292.17,24.26,69.94,47.1,,27
1982,23.0,0.392,292.38,22.79,72.49,47.64,,27
1982,24.0,0.399,292.3,20.42,78.27,49.35,,27
1982,25.0,0.4,292.17,18.86,84.94,51.9,,27
1982,26.0,0.401,292.03,19.15,88.39,53.77,,27
1982,27.0,0.402,292.23,21.33,87.64,54.48,,27
1982,28.0,0.407,292.78,28.39,84.63,56.51,,27
1982,29.0,0.412,293.33,37.38,82.39,59.88,,27
1982,30.0,0.413,293.47,44.1,82.83,63.46,,27
1982,31.0,0.412,293.65,48.16,80.37,64.27,,27
1982,32.0,0.403,293.66,46.89,77.32,62.1,,27
1982,33.0,0.396,293.53,48.32,70.98,59.65,,27
1982,34.0,0.391,293.21,51.11,61.2,56.16,,27
1982,35.0,0.39,292.63,58.15,51.69,54.92,,27
1982,36.0,0.387,291.9,66.02,42.24,54.13,,27
1982,37.0,0.373,290.83,71.04,36.61,53.82,,27
1982,38.0,0.362,289.3,76.51,36.07,56.29,,27
1982,39.0,0.34,287.62,76.82,34.39,55.6,,27
1982,40.0,0.31,285.91,73.8,30.73,52.26,,27
1982,41.0,0.28,284.01,70.81,28.06,49.43,,27
1982,42.0,0.249,282.14,67.27,26.39,46.83,,27
1982,43.0,0.222,279.72,66.97,28.64,47.81,,27
1982,44.0,0.197,277.67,67.95,22.52,45.24,,27
1982,45.0,0.167,276.29,64.52,15.1,39.81,,27
1982,46.0,0.142,274.3,60.46,13.48,36.97,,27
1982,47.0,0.115,272.02,51.04,16.04,33.54,,27
1982,48.0,0.094,269.73,42.87,21.58,32.23,,27
1982,49.0,0.076,267.16,33.74,28.22,30.98,,27
1982,50.0,0.065,264.93,29.23,33.24,31.23,,27
1982,51.0,0.06,262.98,28.81,37.28,33.05,,27
1982,52.0,0.052,261.46,24.8,40.58,32.69,,27
1983,1.0,0.047,261.06,22.59,37.65,30.12,,27
1983,2.0,0.046,260.76,21.77,38.84,30.31,,27
1983,3.0,0.048,260.46,23.88,42.62,33.25,,27
1983,4.0,0.047,260.03,23.91,48.37,36.14,,27
1983,5.0,0.045,259.89,23.88,53.61,38.74,,27
1983,6.0,0.044,260.64,21.73,56.09,38.91,,27
1983,7.0,0.043,261.37,18.82,60.67,39.74,,27
1983,8.0,0.045,262.18,17.7,65.62,41.66,,27
1983,9.0,0.051,264.19,18.8,64.25,41.52,,27
1983,10.0,0.06,266.77,20.83,60.37,40.6,,27
1983,11.0,0.072,270.11,23.25,52.83,38.04,,27
1983,12.0,0.091,273.73,27.4,47.35,37.38,,27
1983,13.0,0.117,277.61,33.75,41.17,37.46,,27
1983,14.0,0.148,281.38,40.2,34.51,37.35,,27
1983,15.0,0.183,284.34,44.93,32.9,38.91,,27
1983,16.0,0.214,286.35,45.42,38.72,42.07,,27
1983,17.0,0.25,288.73,46.86,41.24,44.05,,27
1983,18.0,0.286,290.69,46.83,41.95,44.39,,27
1983,19.0,0.322,292.16,46.04,42.63,44.33,,27
1983,20.0,0.355,293.06,44.81,46.61,45.71,,27
1983,21.0,0.377,293.49,40.02,51.7,45.86,,27
1983,22.0,0.395,293.93,36.72,51.41,44.07,,27
1983,23.0,0.402,293.87,29.67,56.51,43.09,,27
1983,24.0,0.4,293.54,20.58,64.72,42.65,,27
1983,25.0,0.398,293.89,17.09,65.86,41.48,,27
1983,26.0,0.399,294.4,16.65,62.96,39.8,,27
1983,27.0,0.397,294.69,17.36,62.53,39.95,,27
1983,28.0,0.39,294.72,16.77,65.51,41.14,,27
1983,29.0,0.377,294.78,15.2,68.44,41.82,,27
1983,30.0,0.365,294.71,15.25,71.2,43.22,,27
1983,31.0,0.36,294.52,17.15,72.05,44.6,,27
1983,32.0,0.361,294.36,21.48,70.27,45.87,,27
1983,33.0,0.359,294.05,26.17,65.36,45.77,,27
1983,34.0,0.351,293.64,28.24,56.04,42.14,,27
1983,35.0,0.345,293.3,33.79,43.33,38.56,,27
1983,36.0,0.332,292.28,36.91,37.59,37.25,,27
1983,37.0,0.313,290.86,38.77,36.06,37.41,,27
1983,38.0,0.287,289.0,36.15,39.65,37.9,,27
1983,39.0,0.257,286.37,30.62,50.84,40.73,,27
1983,40.0,0.231,284.18,27.38,53.52,40.45,,27
1983,41.0,0.204,281.76,23.92,57.49,40.71,,27
1983,42.0,0.18,279.35,23.42,59.88,41.65,,27
1983,43.0,0.154,276.92,23.9,57.11,40.51,,27
1983,44.0,0.133,273.88,25.92,55.6,40.76,,27
1983,45.0,0.11,270.1,24.49,60.19,42.34,,27
1983,46.0,0.089,265.79,20.4,65.9,43.15,,27
1983,47.0,0.074,263.22,18.01,63.06,40.53,,27
1983,48.0,0.067,261.58,19.71,59.25,39.48,,27
1983,49.0,0.063,260.65,21.57,55.37,38.47,,27
1983,50.0,0.061,260.1,25.73,52.58,39.15,,27
1983,51.0,0.058,259.36,27.05,51.77,39.41,,27
1983,52.0,0.056,258.52,28.84,52.33,40.58,,27
1984,1.0,0.057,258.64,36.12,47.39,41.76,,27
1984,2.0,0.058,259.2,36.75,44.99,40.87,,27
1984,3.0,0.06,260.38,37.81,42.28,40.04,,27
1984,4.0,0.063,262.08,41.94,38.68,40.31,,27
1984,5.0,0.067,263.21,46.53,39.27,42.9,,27
1984,6.0,0.068,263.97,44.94,42.41,43.68,,27
1984,7.0,0.07,264.65,40.81,46.86,43.83,,27
1984,8.0,0.071,265.64,36.27,50.1,43.19,,27
1984,9.0,0.072,266.86,32.25,51.65,41.95,,27
1984,10.0,0.076,268.95,29.95,50.18,40.07,,27
1984,11.0,0.081,271.68,27.95,45.0,36.48,,27
1984,12.0,0.091,274.77,27.04,41.85,34.44,,27
1984,13.0,0.103,278.54,26.49,35.9,31.19,,27
1984,14.0,0.118,282.2,24.73,29.43,27.08,,27
1984,15.0,0.137,284.93,20.83,28.74,24.78,,27
1984,16.0,0.16,286.98,18.09,33.51,25.8,,27
1984,17.0,0.189,288.94,16.65,39.26,27.96,,27
1984,18.0,0.225,290.44,17.23,44.77,31.0,,27
1984,19.0,0.268,291.58,18.17,49.1,33.64,,27
1984,20.0,0.308,292.35,19.21,54.49,36.85,,27
1984,21.0,0.344,292.64,21.48,60.73,41.11,,27
1984,22.0,0.37,292.53,21.91,65.87,43.89,,27
1984,23.0,0.39,292.12,22.39,74.89,48.64,,27
1984,24.0,0.404,291.85,24.43,83.13,53.78,,27
1984,25.0,0.415,291.92,29.11,88.37,58.74,,27
1984,26.0,0.42,291.9,31.91,90.84,61.38,,27
1984,27.0,0.421,292.0,33.89,90.91,62.4,,27
1984,28.0,0.419,292.2,36.13,90.96,63.55,,27
1984,29.0,0.415,292.52,38.94,90.54,64.74,,27
1984,30.0,0.408,292.56,40.96,91.42,66.19,,27
1984,31.0,0.394,292.28,37.29,93.3,65.29,,27
1984,32.0,0.386,292.18,36.67,92.06,64.36,,27
1984,33.0,0.376,291.76,35.87,89.74,62.81,,27
1984,34.0,0.361,291.18,34.22,84.89,59.56,,27
1984,35.0,0.337,289.94,29.83,84.23,57.03,,27
1984,36.0,0.312,288.69,27.1,79.91,53.51,,27
1984,37.0,0.295,288.04,30.03,69.69,49.86,,27
1984,38.0,0.278,287.16,31.79,62.82,47.3,,27
1984,39.0,0.253,285.72,29.31,59.51,44.41,,27
1984,40.0,0.233,284.15,29.13,54.09,41.61,,27
1984,41.0,0.217,282.99,32.12,41.43,36.78,,27
1984,42.0,0.201,281.79,37.22,30.27,33.75,,27
1984,43.0,0.184,280.19,42.74,23.42,33.08,,27
1984,44.0,0.159,278.29,43.29,16.81,30.05,,27
1984,45.0,0.141,276.98,46.57,10.04,28.31,,27
1984,46.0,0.113,274.83,37.67,10.29,23.98,,27
1984,47.0,0.094,273.09,31.83,10.47,21.15,,27
1984,48.0,0.084,272.28,29.79,10.19,19.99,,27
1984,49.0,0.079,271.67,30.95,9.53,20.24,,27
1984,50.0,-1.0,-1.0,-1.0,-1.0,-1.0,,27
1984,51.0,-1.0,-1.0,-1.0,-1.0,-1.0,,27
1984,52.0,-1.0,-1.0,-1.0,-1.0,-1.0,,27
1985,1.0,-1.0,-1.0,-1.0,-1.0,-1.0,,27
1985,2.0,-1.0,-1.0,-1.0,-1.0,-1.0,,27
1985,3.0,-1.0,-1.0,-1.0,-1.0,-1.0,,27
1985,4.0,-1.0,-1.0,-1.0,-1.0,-1.0,,27
1985,5.0,-1.0,-1.0,-1.0,-1.0,-1.0,,27
1985,6.0,-1.0,-1.0,-1.0,-1.0,-1.0,,27
1985,7.0,-1.0,-1.0,-1.0,-1.0,-1.0,,27
1985,8.0,-1.0,-1.0,-1.0,-1.0,-1.0,,27
1985,9.0,0.052,264.57,16.68,60.21,38.44,,27
1985,10.0,0.049,264.45,13.48,67.22,40.35,,27
1985,11.0,0.053,267.37,12.19,62.53,37.36,,27
1985,12.0,0.064,270.82,13.0,58.29,35.65,,27
1985,13.0,0.084,275.1,16.73,52.17,34.45,,27
1985,14.0,0.116,279.34,23.25,45.72,34.49,,27
1985,15.0,0.152,282.81,28.73,43.91,36.32,,27
1985,16.0,0.192,285.89,34.11,43.04,38.58,,27
1985,17.0,0.237,288.8,40.44,41.09,40.77,,27
1985,18.0,0.283,291.26,45.31,36.63,40.97,,27
1985,19.0,0.327,292.94,48.68,35.04,41.86,,27
1985,20.0,0.363,293.96,48.78,37.48,43.13,,27
1985,21.0,0.393,294.42,49.54,42.05,45.8,,27
1985,22.0,0.417,294.64,50.5,44.3,47.4,,27
1985,23.0,0.428,294.26,46.13,52.8,49.47,,27
1985,24.0,0.429,293.72,40.31,63.24,51.78,,27
1985,25.0,0.432,293.69,39.39,68.66,54.02,,27
1985,26.0,0.431,293.65,38.66,71.53,55.1,,27
1985,27.0,0.429,293.61,38.18,74.01,56.09,,27
1985,28.0,0.421,293.49,37.27,77.82,57.54,,27
1985,29.0,0.418,293.81,41.03,77.82,59.42,,27
1985,30.0,0.417,294.32,46.33,74.69,60.51,,27
1985,31.0,0.416,294.93,49.82,67.97,58.9,,27
1985,32.0,0.409,295.14,50.39,62.27,56.33,,27
1985,33.0,0.397,295.21,48.49,52.78,50.64,,27
1985,34.0,0.382,295.03,45.97,39.69,42.83,,27
1985,35.0,0.363,293.88,43.3,36.54,39.92,,27
1985,36.0,0.34,292.2,41.07,38.91,39.99,,27
1985,37.0,0.31,290.36,37.66,42.41,40.03,,27
1985,38.0,0.28,288.49,32.36,46.03,39.2,,27
1985,39.0,0.247,286.25,25.36,52.09,38.72,,27
1985,40.0,0.213,283.46,17.61,62.57,40.09,,27
1985,41.0,0.191,280.95,16.84,67.8,42.32,,27
1985,42.0,0.172,278.91,19.73,65.45,42.59,,27
1985,43.0,0.157,277.12,26.3,55.52,40.91,,27
1985,44.0,0.142,275.07,32.76,45.52,39.14,,27
1985,45.0,0.12,272.35,32.26,44.24,38.25,,27
1985,46.0,0.091,269.78,22.45,41.28,31.86,,27
1985,47.0,0.069,267.29,14.04,40.82,27.43,,27
1985,48.0,0.054,263.69,8.71,49.06,28.88,,27
1985,49.0,0.048,260.44,8.22,55.97,32.1,,27
1985,50.0,0.042,257.85,5.79,61.64,33.72,,27
1985,51.0,0.037,255.89,3.96,66.18,35.07,,27
1985,52.0,0.035,254.38,3.46,69.76,36.61,,27
1986,1.0,0.031,253.19,2.02,71.56,36.79,,27
1986,2.0,0.031,252.68,3.23,74.73,38.98,,27
1986,3.0,0.03,254.02,4.75,71.57,38.16,,27
1986,4.0,0.029,255.84,6.06,66.48,36.27,,27
1986,5.0,0.029,257.49,8.81,63.64,36.22,,27
1986,6.0,0.029,258.75,9.3,64.33,36.82,,27
1986,7.0,0.028,260.56,7.72,64.85,36.28,,27
1986,8.0,0.029,262.92,6.93,62.91,34.92,,27
1986,9.0,0.033,265.12,7.24,60.37,33.81,,27
1986,10.0,0.038,267.6,7.45,56.6,32.02,,27
1986,11.0,0.049,271.27,10.06,47.05,28.56,,27
1986,12.0,0.066,275.68,13.98,37.61,25.8,,27
1986,13.0,0.089,279.76,18.72,29.55,24.14,,27
1986,14.0,0.119,283.14,24.77,23.44,24.1,,27
1986,15.0,0.155,286.07,29.88,19.76,24.82,,27
1986,16.0,0.192,288.59,34.15,19.25,26.7,,27
1986,17.0,0.235,290.62,39.03,22.36,30.7,,27
1986,18.0,0.28,292.4,43.89,24.14,34.01,,27
1986,19.0,0.319,293.98,44.1,23.53,33.82,,27
1986,20.0,0.359,295.42,46.55,21.6,34.08,,27
1986,21.0,0.395,296.37,50.09,21.43,35.76,,27
1986,22.0,0.421,296.68,52.06,23.15,37.61,,27
1986,23.0,0.434,296.78,49.59,26.02,37.81,,27
1986,24.0,0.441,296.66,47.53,30.65,39.09,,27
1986,25.0,0.447,296.66,48.61,34.22,41.41,,27
1986,26.0,0.444,296.27,46.49,41.9,44.2,,27
1986,27.0,0.439,295.74,45.17,51.25,48.21,,27
1986,28.0,0.437,295.74,47.62,55.2,51.41,,27
1986,29.0,0.434,295.94,50.96,57.25,54.1,,27
1986,30.0,0.428,295.9,52.75,60.14,56.45,,27
1986,31.0,0.414,295.34,48.92,64.45,56.69,,27
1986,32.0,0.401,294.4,45.49,70.17,57.83,,27
1986,33.0,0.394,293.74,46.37,69.02,57.69,,27
1986,34.0,0.377,292.64,42.93,68.16,55.55,,27
1986,35.0,0.362,291.65,42.46,63.84,53.15,,27
1986,36.0,0.344,290.16,42.4,63.03,52.72,,27
1986,37.0,0.327,288.07,45.54,69.63,57.59,,27
1986,38.0,0.308,285.93,47.14,78.37,62.75,,27
1986,39.0,0.289,284.23,47.76,79.03,63.39,,27
1986,40.0,0.266,282.24,47.22,79.38,63.3,,27
1986,41.0,0.243,280.62,47.35,73.12,60.24,,27
1986,42.0,0.218,279.21,46.99,62.28,54.63,,27
1986,43.0,0.186,277.46,43.11,51.94,47.53,,27
1986,44.0,0.145,274.96,32.9,46.44,39.67,,27
1986,45.0,0.114,272.43,26.66,43.71,35.18,,27
1986,46.0,0.09,270.33,20.48,38.03,29.26,,27
1986,47.0,0.076,268.58,18.64,34.34,26.49,,27
1986,48.0,0.066,266.99,17.88,34.16,26.02,,27
1986,49.0,0.057,264.84,15.54,38.01,26.78,,27
1986,50.0,0.05,261.78,13.36,46.24,29.8,,27
1986,51.0,0.047,258.56,14.07,55.89,34.98,,27
1986,52.0,0.045,255.6,15.73,65.51,40.62,,27
1987,1.0,0.04,253.19,13.72,72.87,43.29,,27
1987,2.0,0.037,252.02,11.1,79.06,45.08,,27
1987,3.0,0.038,251.83,13.0,82.45,47.73,,27
1987,4.0,0.036,252.36,11.92,82.47,47.19,,27
1987,5.0,0.031,253.01,9.81,83.05,46.43,,27
1987,6.0,0.03,253.71,8.42,85.25,46.83,,27
1987,7.0,0.029,254.93,6.94,88.56,47.75,,27
1987,8.0,0.03,256.33,6.56,91.63,49.1,,27
1987,9.0,0.03,257.84,4.99,92.49,48.74,,27
1987,10.0,0.03,258.74,2.6,94.65,48.62,,27
1987,11.0,0.032,259.84,1.25,96.19,48.72,,27
1987,12.0,0.039,261.87,0.61,96.85,48.73,,27
1987,13.0,0.051,265.3,0.37,97.25,48.81,,27
1987,14.0,0.07,269.41,0.37,98.03,49.2,,27
1987,15.0,0.099,274.53,0.93,98.66,49.8,,27
1987,16.0,0.128,278.78,2.03,98.58,50.3,,27
1987,17.0,0.162,282.81,3.65,95.85,49.75,,27
1987,18.0,0.198,285.6,4.27,92.79,48.53,,27
1987,19.0,0.245,287.53,7.03,90.49,48.76,,27
1987,20.0,0.291,289.32,10.27,85.85,48.06,,27
1987,21.0,0.333,291.02,14.11,77.62,45.87,,27
1987,22.0,0.37,292.37,20.51,67.46,43.99,,27
1987,23.0,0.398,292.94,26.41,66.31,46.36,,27
1987,24.0,0.425,293.7,37.41,63.11,50.26,,27
1987,25.0,0.45,294.25,50.83,61.96,56.4,,27
1987,26.0,0.468,294.75,63.14,59.17,61.15,,27
1987,27.0,0.479,295.2,71.6,57.29,64.44,,27
1987,28.0,0.476,295.22,73.24,60.52,66.88,,27
1987,29.0,0.465,295.0,70.83,66.4,68.61,,27
1987,30.0,0.45,294.65,66.26,71.82,69.04,,27
1987,31.0,0.43,293.71,58.7,79.94,69.32,,27
1987,32.0,0.414,292.85,53.06,85.58,69.32,,27
1987,33.0,0.399,292.04,49.55,87.04,68.29,,27
1987,34.0,0.383,291.14,46.2,85.57,65.89,,27
1987,35.0,0.37,290.1,46.65,82.66,64.65,,27
1987,36.0,0.353,288.75,47.8,79.77,63.79,,27
1987,37.0,0.336,287.45,50.94,77.23,64.09,,27
1987,38.0,0.318,286.11,52.67,76.31,64.49,,27
1987,39.0,0.301,284.64,54.71,73.84,64.27,,27
1987,40.0,0.283,283.48,57.61,63.1,60.35,,27
1987,41.0,0.261,281.71,58.8,58.81,58.81,,27
1987,42.0,0.237,279.17,59.02,62.84,60.93,,27
1987,43.0,0.074,259.87,42.96,50.59,46.77,,27
1987,44.0,0.176,273.91,54.23,55.93,55.08,,27
1987,45.0,0.14,270.97,45.61,54.56,50.08,,27
1987,46.0,0.106,268.59,33.38,48.74,41.06,,27
1987,47.0,0.082,265.51,24.92,50.63,37.77,,27
1987,48.0,0.066,262.71,19.13,53.95,36.54,,27
1987,49.0,0.056,260.76,16.26,55.06,35.66,,27
1987,50.0,0.05,259.75,14.51,54.38,34.45,,27
1987,51.0,0.045,259.31,13.37,52.51,32.94,,27
1987,52.0,0.042,258.36,13.18,53.79,33.48,,27
1988,1.0,0.04,257.78,14.51,52.13,33.32,,27
1988,2.0,0.041,256.94,15.81,55.97,35.89,,27
1988,3.0,0.041,256.82,16.44,58.83,37.64,,27
1988,4.0,0.04,257.35,16.87,59.4,38.14,,27
1988,5.0,0.041,256.76,20.13,66.13,43.13,,27
1988,6.0,0.043,257.08,21.51,70.42,45.97,,27
1988,7.0,0.044,257.28,19.54,77.13,48.34,,27
1988,8.0,0.045,257.21,17.84,84.44,51.14,,27
1988,9.0,0.051,257.85,18.59,87.41,53.0,,27
1988,10.0,0.055,259.86,17.63,86.16,51.89,,27
1988,11.0,0.063,263.72,18.04,78.19,48.12,,27
1988,12.0,0.073,268.01,17.86,70.9,44.38,,27
1988,13.0,0.086,272.34,17.87,65.68,41.77,,27
1988,14.0,0.11,276.59,20.63,61.08,40.86,,27
1988,15.0,0.14,279.25,22.18,67.78,44.98,,27
1988,16.0,0.169,282.04,22.52,73.0,47.76,,27
1988,17.0,0.199,284.29,22.08,80.9,51.49,,27
1988,18.0,0.24,286.56,24.72,81.31,53.02,,27
1988,19.0,0.284,289.34,26.75,71.64,49.19,,27
1988,20.0,0.323,291.23,27.75,65.99,46.87,,27
1988,21.0,0.353,292.17,27.08,65.51,46.29,,27
1988,22.0,0.379,292.8,27.71,62.93,45.32,,27
1988,23.0,0.4,293.07,29.83,64.78,47.3,,27
1988,24.0,0.42,293.62,35.9,63.84,49.87,,27
1988,25.0,0.431,293.66,39.63,68.36,53.99,,27
1988,26.0,0.438,293.99,43.54,67.65,55.59,,27
1988,27.0,0.448,294.84,51.2,61.24,56.22,,27
1988,28.0,0.452,295.26,57.81,60.28,59.04,,27
1988,29.0,0.447,295.23,59.34,64.26,61.8,,27
1988,30.0,0.435,294.9,56.99,69.53,63.26,,27
1988,31.0,0.428,294.63,57.38,71.17,64.28,,27
1988,32.0,0.418,294.5,55.96,69.1,62.53,,27
1988,33.0,0.398,293.94,49.09,66.73,57.91,,27
1988,34.0,0.37,292.86,39.05,65.39,52.22,,27
1988,35.0,0.343,291.63,32.93,63.86,48.4,,27
1988,36.0,0.33,290.51,36.12,58.71,47.41,,27
1988,37.0,0.319,289.34,42.14,54.4,48.27,,27
1988,38.0,0.309,288.02,47.68,52.13,49.91,,27
1988,39.0,0.299,286.81,53.73,45.29,49.51,,27
1988,40.0,0.292,285.61,62.48,34.88,48.68,,27
1988,41.0,0.267,282.6,62.4,46.61,54.5,,27
1988,42.0,0.249,280.76,66.83,43.38,55.11,,27
1988,43.0,0.229,277.64,70.04,50.38,60.21,,27
1988,44.0,0.208,274.04,73.37,54.79,64.08,,27
1988,45.0,0.179,270.8,71.28,55.84,63.56,,27
1988,46.0,0.136,267.43,56.05,56.04,56.04,,27
1988,47.0,0.103,264.28,42.33,57.36,49.85,,27
1988,48.0,0.082,261.59,32.53,59.38,45.96,,27
1988,49.0,0.07,259.49,28.38,60.5,44.44,,27
1988,50.0,0.062,258.56,25.99,59.26,42.62,,27
1988,51.0,0.058,258.34,26.55,56.59,41.57,,27
1988,52.0,0.05,258.56,21.37,52.99,37.18,,27
1989,1.0,0.049,259.46,24.19,45.21,34.7,,27
1989,2.0,0.053,262.04,28.54,33.53,31.04,,27
1989,3.0,0.056,265.23,31.45,21.44,26.44,,27
1989,4.0,0.061,267.62,37.41,15.04,26.22,,27
1989,5.0,0.07,269.6,46.43,12.55,29.49,,27
1989,6.0,0.079,271.34,52.14,11.54,31.84,,27
1989,7.0,0.088,272.81,54.17,11.2,32.69,,27
1989,8.0,0.097,274.41,53.94,10.24,32.09,,27
1989,9.0,0.109,276.1,55.31,8.75,32.03,,27
1989,10.0,0.127,277.87,59.33,8.95,34.14,,27
1989,11.0,0.148,279.98,63.76,6.36,35.06,,27
1989,12.0,0.172,282.12,68.5,7.13,37.82,,27
1989,13.0,0.195,283.98,72.34,8.08,40.21,,27
1989,14.0,0.218,285.9,75.35,8.07,41.71,,27
1989,15.0,0.242,287.71,75.33,9.82,42.58,,27
1989,16.0,0.265,289.25,71.1,15.13,43.11,,27
1989,17.0,0.292,290.76,67.52,21.88,44.7,,27
1989,18.0,0.328,292.07,67.06,27.98,47.52,,27
1989,19.0,0.365,293.17,67.65,32.13,49.89,,27
1989,20.0,0.402,294.18,70.94,34.6,52.77,,27
1989,21.0,0.427,295.3,70.03,32.24,51.14,,27
1989,22.0,0.434,295.89,61.68,30.91,46.29,,27
1989,23.0,0.432,295.93,49.4,34.75,42.07,,27
1989,24.0,0.429,296.07,40.28,36.94,38.61,,27
1989,25.0,0.423,296.0,33.98,41.77,37.88,,27
1989,26.0,0.422,296.09,32.67,43.98,38.33,,27
1989,27.0,0.418,296.12,31.33,47.34,39.33,,27
1989,28.0,0.406,295.99,27.38,52.49,39.94,,27
1989,29.0,0.39,295.85,23.72,57.88,40.8,,27
1989,30.0,0.372,295.63,20.09,62.44,41.26,,27
1989,31.0,0.364,295.74,20.09,60.36,40.22,,27
1989,32.0,0.36,296.23,21.59,51.48,36.54,,27
1989,33.0,0.348,295.78,20.79,46.83,33.81,,27
1989,34.0,0.337,295.07,21.65,39.09,30.37,,27
1989,35.0,0.324,294.32,22.96,30.65,26.8,,27
1989,36.0,0.311,293.03,26.43,28.69,27.56,,27
1989,37.0,0.291,291.58,27.49,27.78,27.64,,27
1989,38.0,0.27,289.51,27.48,33.34,30.41,,27
1989,39.0,0.259,287.63,32.12,34.25,33.19,,27
1989,40.0,0.252,286.12,39.78,28.04,33.91,,27
1989,41.0,0.235,284.19,43.25,25.82,34.54,,27
1989,42.0,0.218,282.16,47.6,26.46,37.03,,27
1989,43.0,0.201,279.72,53.79,28.83,41.31,,27
1989,44.0,0.19,277.58,64.03,23.27,43.65,,27
1989,45.0,0.168,275.39,65.89,21.78,43.83,,27
1989,46.0,0.136,271.84,56.89,28.63,42.76,,27
1989,47.0,0.108,268.64,46.78,34.06,40.42,,27
1989,48.0,0.089,266.15,38.87,38.43,38.65,,27
1989,49.0,0.078,264.53,35.67,39.69,37.68,,27
1989,50.0,0.066,263.18,31.04,40.53,35.79,,27
1989,51.0,0.061,263.1,30.54,36.8,33.67,,27
1989,52.0,0.065,264.43,39.9,28.22,34.06,,27
1990,1.0,0.069,265.94,50.41,16.39,33.4,,27
1990,2.0,0.073,267.43,53.93,9.31,31.62,,27
1990,3.0,0.079,268.75,57.44,5.81,31.62,,27
1990,4.0,0.087,270.32,64.3,3.34,33.82,,27
1990,5.0,0.095,272.12,71.16,1.98,36.57,,27
1990,6.0,0.104,273.83,74.76,1.2,37.98,,27
1990,7.0,0.116,275.1,76.06,1.34,38.7,,27
1990,8.0,0.128,276.36,75.38,1.44,38.41,,27
1990,9.0,0.143,277.72,76.93,1.32,39.13,,27
1990,10.0,0.314,291.18,60.49,36.83,48.66,,27
1990,11.0,0.184,280.91,82.98,1.93,42.45,,27
1990,12.0,0.202,283.26,83.88,1.78,42.83,,27
1990,13.0,0.215,285.14,82.46,2.05,42.26,,27
1990,14.0,0.228,286.61,80.53,3.63,42.08,,27
1990,15.0,0.247,287.75,78.1,8.77,43.44,,27
1990,16.0,0.271,288.44,74.09,21.51,47.8,,27
1990,17.0,0.302,289.21,71.96,36.72,54.34,,27
1990,18.0,0.336,289.91,71.24,50.24,60.74,,27
1990,19.0,0.365,290.44,68.12,61.07,64.6,,27
1990,20.0,0.385,290.84,61.27,70.32,65.79,,27
1990,21.0,0.391,290.5,48.85,82.74,65.8,,27
1990,22.0,0.398,290.56,39.6,85.41,62.5,,27
1990,23.0,0.413,291.44,37.86,81.57,59.72,,27
1990,24.0,0.426,292.12,38.7,80.02,59.36,,27
1990,25.0,0.432,292.95,40.2,76.74,58.47,,27
1990,26.0,0.429,293.22,37.4,76.25,56.83,,27
1990,27.0,0.421,293.17,33.27,78.62,55.94,,27
1990,28.0,0.413,293.06,31.98,82.25,57.11,,27
1990,29.0,0.401,292.82,30.48,87.45,58.97,,27
1990,30.0,0.387,292.59,28.66,90.94,59.8,,27
1990,31.0,0.379,292.45,28.11,91.53,59.82,,27
1990,32.0,0.37,292.21,26.9,91.6,59.25,,27
1990,33.0,0.358,291.61,25.36,91.21,58.28,,27
1990,34.0,0.343,290.56,23.91,91.84,57.87,,27
1990,35.0,0.324,289.27,22.87,91.94,57.4,,27
1990,36.0,0.302,287.43,22.02,93.84,57.93,,27
1990,37.0,0.281,285.76,23.24,94.71,58.97,,27
1990,38.0,0.265,284.65,25.45,91.45,58.45,,27
1990,39.0,0.25,283.39,27.4,87.42,57.41,,27
1990,40.0,0.228,282.11,27.06,78.87,52.97,,27
1990,41.0,0.207,280.65,26.89,70.18,48.53,,27
1990,42.0,0.178,278.78,23.37,65.83,44.6,,27
1990,43.0,0.144,275.8,18.19,68.13,43.16,,27
1990,44.0,0.118,273.31,16.76,60.52,38.64,,27
1990,45.0,0.098,272.13,17.08,45.9,31.49,,27
1990,46.0,0.087,270.65,19.21,36.16,27.69,,27
1990,47.0,0.082,269.67,24.95,28.79,26.87,,27
1990,48.0,0.075,268.83,26.26,26.14,26.2,,27
1990,49.0,0.067,267.33,25.27,28.05,26.66,,27
1990,50.0,0.064,266.07,28.93,28.94,28.94,,27
1990,51.0,0.064,265.24,33.63,28.25,30.94,,27
1990,52.0,0.066,264.71,40.05,27.16,33.6,,27
1991,1.0,0.071,264.69,51.42,21.59,36.51,,27
1991,2.0,0.078,265.08,59.52,19.1,39.31,,27
1991,3.0,0.082,264.67,60.5,23.22,41.86,,27
1991,4.0,0.077,263.23,55.15,33.51,44.33,,27
1991,5.0,0.069,263.32,46.95,38.27,42.61,,27
1991,6.0,0.06,264.02,36.71,41.4,39.06,,27
1991,7.0,0.054,263.9,27.5,48.8,38.15,,27
1991,8.0,0.053,264.54,23.36,53.04,38.2,,27
1991,9.0,0.053,265.35,20.19,55.99,38.09,,27
1991,10.0,0.058,267.7,19.36,53.63,36.5,,27
1991,11.0,0.068,271.14,20.71,45.6,33.15,,27
1991,12.0,0.085,274.96,24.03,39.82,31.92,,27
1991,13.0,0.104,278.16,26.81,37.27,32.04,,27
1991,14.0,0.119,280.42,25.2,39.92,32.56,,27
1991,15.0,0.143,282.76,23.74,44.9,34.32,,27
1991,16.0,0.17,284.22,23.06,57.44,40.25,,27
1991,17.0,0.201,285.33,22.3,74.37,48.33,,27
1991,18.0,0.238,286.96,23.55,80.39,51.97,,27
1991,19.0,0.281,288.2,24.77,84.22,54.5,,27
1991,20.0,0.325,289.32,28.73,86.07,57.4,,27
1991,21.0,0.365,290.69,34.1,80.89,57.49,,27
1991,22.0,0.395,291.67,38.03,74.58,56.3,,27
1991,23.0,0.424,292.8,44.69,67.85,56.27,,27
1991,24.0,0.443,293.97,50.35,60.11,55.23,,27
1991,25.0,0.458,295.08,57.49,52.29,54.89,,27
1991,26.0,0.462,295.87,59.75,46.48,53.11,,27
1991,27.0,0.449,295.58,52.43,52.93,52.68,,27
1991,28.0,0.436,295.2,47.26,60.42,53.84,,27
1991,29.0,0.421,295.08,43.36,65.36,54.36,,27
1991,30.0,0.41,294.8,42.15,70.16,56.16,,27
1991,31.0,0.395,294.41,37.66,73.04,55.35,,27
1991,32.0,0.38,294.01,33.17,73.75,53.46,,27
1991,33.0,0.37,293.56,32.88,70.61,51.75,,27
1991,34.0,0.363,293.25,35.57,60.71,48.14,,27
1991,35.0,0.351,292.56,37.23,52.47,44.85,,27
1991,36.0,0.335,291.43,38.38,47.97,43.18,,27
1991,37.0,0.322,290.4,43.62,41.92,42.77,,27
1991,38.0,0.312,289.73,49.61,30.7,40.16,,27
1991,39.0,0.294,288.25,51.23,26.5,38.87,,27
1991,40.0,0.269,286.05,49.64,29.12,39.38,,27
1991,41.0,0.24,283.37,45.99,36.8,41.4,,27
1991,42.0,0.208,279.85,41.38,54.87,48.12,,27
1991,43.0,0.172,275.8,35.12,69.48,52.3,,27
1991,44.0,0.13,272.05,24.45,71.66,48.05,,27
1991,45.0,0.101,269.09,18.36,67.85,43.11,,27
1991,46.0,0.083,267.11,16.31,57.63,36.97,,27
1991,47.0,0.072,265.37,16.7,51.22,33.96,,27
1991,48.0,0.063,263.61,16.15,49.84,33.0,,27
1991,49.0,0.053,261.91,13.41,50.44,31.93,,27
1991,50.0,0.055,261.42,19.29,47.77,33.53,,27
1991,51.0,0.058,261.64,26.74,43.16,34.95,,27
1991,52.0,0.057,261.53,30.67,40.77,35.72,,27
1992,1.0,0.059,261.5,38.58,36.4,37.49,,27
1992,2.0,0.06,261.51,38.79,36.51,37.65,,27
1992,3.0,0.061,261.88,39.04,37.56,38.3,,27
1992,4.0,0.061,262.19,38.86,40.03,39.44,,27
1992,5.0,0.059,262.68,37.93,42.88,40.4,,27
1992,6.0,0.06,263.85,36.89,43.7,40.3,,27
1992,7.0,0.063,265.89,35.0,41.82,38.41,,27
1992,8.0,0.069,268.28,34.62,38.45,36.53,,27
1992,9.0,0.077,271.1,35.61,32.15,33.88,,27
1992,10.0,0.086,273.89,35.77,27.62,31.7,,27
1992,11.0,0.101,276.74,38.2,21.33,29.76,,27
1992,12.0,0.116,278.93,39.72,22.21,30.97,,27
1992,13.0,0.13,280.8,39.91,24.45,32.18,,27
1992,14.0,0.151,282.75,41.25,26.45,33.85,,27
1992,15.0,0.178,284.6,42.06,31.43,36.75,,27
1992,16.0,0.212,286.29,44.23,39.84,42.03,,27
1992,17.0,0.253,288.09,48.24,48.17,48.2,,27
1992,18.0,0.293,289.77,50.35,52.15,51.25,,27
1992,19.0,0.329,291.32,49.5,52.09,50.8,,27
1992,20.0,0.354,292.24,44.11,55.74,49.93,,27
1992,21.0,0.374,293.04,38.63,56.31,47.47,,27
1992,22.0,0.391,293.85,34.16,52.16,43.16,,27
1992,23.0,0.409,294.63,33.91,48.7,41.31,,27
1992,24.0,0.428,295.47,39.57,44.0,41.79,,27
1992,25.0,0.44,296.11,45.23,41.03,43.13,,27
1992,26.0,0.443,296.69,46.5,37.77,42.13,,27
1992,27.0,0.442,297.19,47.27,36.23,41.75,,27
1992,28.0,0.435,297.82,46.11,33.99,40.05,,27
1992,29.0,0.423,298.52,44.14,31.65,37.9,,27
1992,30.0,0.409,298.93,41.23,31.14,36.19,,27
1992,31.0,0.392,299.09,35.65,28.44,32.05,,27
1992,32.0,0.38,299.1,32.82,23.0,27.91,,27
1992,33.0,0.367,298.87,30.78,14.36,22.57,,27
1992,34.0,0.346,297.57,25.88,10.36,18.12,,27
1992,35.0,0.322,295.53,21.58,16.31,18.95,,27
1992,36.0,0.297,293.22,19.04,26.61,22.83,,27
1992,37.0,0.272,290.48,17.48,40.83,29.16,,27
1992,38.0,0.252,287.95,17.25,52.85,35.05,,27
1992,39.0,0.231,285.12,16.25,66.87,41.56,,27
1992,40.0,0.217,282.2,19.37,78.84,49.11,,27
1992,41.0,0.2,279.81,21.34,82.48,51.91,,27
1992,42.0,0.175,277.7,20.0,80.11,50.05,,27
1992,43.0,0.145,275.7,17.27,69.98,43.62,,27
1992,44.0,0.118,273.45,16.03,59.22,37.62,,27
1992,45.0,0.101,271.14,18.23,52.75,35.49,,27
1992,46.0,0.088,268.7,19.7,47.96,33.83,,27
1992,47.0,0.074,266.09,17.66,47.63,32.64,,27
1992,48.0,0.064,264.54,17.59,45.72,31.66,,27
1992,49.0,0.058,262.73,17.76,46.94,32.35,,27
1992,50.0,0.055,261.66,19.39,46.51,32.95,,27
1992,51.0,0.057,261.49,25.93,43.29,34.61,,27
1992,52.0,0.06,261.36,33.91,40.75,37.33,,27
1993,1.0,0.061,261.05,41.23,37.31,39.27,,27
1993,2.0,0.063,261.08,43.09,37.4,40.25,,27
1993,3.0,0.067,261.92,45.21,36.27,40.74,,27
1993,4.0,0.07,263.31,49.33,33.97,41.65,,27
1993,5.0,0.074,264.34,53.5,34.9,44.2,,27
1993,6.0,0.074,263.97,49.36,42.51,45.93,,27
1993,7.0,0.07,263.84,40.96,50.26,45.61,,27
1993,8.0,0.068,264.51,33.76,55.19,44.47,,27
1993,9.0,0.069,265.39,30.21,58.23,44.22,,27
1993,10.0,0.07,266.21,26.13,61.87,44.0,,27
1993,11.0,0.072,267.76,22.95,61.75,42.35,,27
1993,12.0,0.085,270.64,24.17,59.61,41.89,,27
1993,13.0,0.1,273.28,24.39,61.05,42.72,,27
1993,14.0,0.119,275.69,24.65,65.32,44.99,,27
1993,15.0,0.143,278.74,23.74,70.39,47.07,,27
1993,16.0,0.184,282.77,29.7,67.41,48.56,,27
1993,17.0,0.239,286.85,41.19,59.0,50.09,,27
1993,18.0,0.291,289.67,49.04,52.55,50.8,,27
1993,19.0,0.335,290.74,52.28,57.94,55.11,,27
1993,20.0,0.37,291.7,52.44,61.32,56.88,,27
1993,21.0,0.398,292.58,52.18,61.53,56.85,,27
1993,22.0,0.419,292.87,51.44,62.51,56.98,,27
1993,23.0,0.429,292.88,46.72,66.94,56.83,,27
1993,24.0,0.432,292.63,42.43,74.31,58.37,,27
1993,25.0,0.439,292.74,44.29,78.4,61.35,,27
1993,26.0,0.439,292.85,44.19,79.52,61.86,,27
1993,27.0,0.436,292.87,43.45,80.97,62.21,,27
1993,28.0,0.429,292.83,42.51,83.37,62.94,,27
1993,29.0,0.43,293.24,48.17,82.57,65.37,,27
1993,30.0,0.434,293.92,55.95,78.37,67.16,,27
1993,31.0,0.432,293.9,59.43,77.97,68.7,,27
1993,32.0,0.425,293.1,59.72,82.7,71.21,,27
1993,33.0,0.416,292.17,59.31,85.09,72.2,,27
1993,34.0,0.402,291.04,56.92,85.8,71.36,,27
1993,35.0,0.386,290.05,55.65,82.41,69.03,,27
1993,36.0,0.367,288.63,55.09,80.37,67.73,,27
1993,37.0,0.345,287.5,55.33,76.01,65.67,,27
1993,38.0,0.318,286.56,53.1,70.31,61.7,,27
1993,39.0,0.288,285.35,47.79,64.5,56.15,,27
1993,40.0,0.255,283.57,41.04,61.92,51.48,,27
1993,41.0,0.222,281.45,34.66,61.9,48.28,,27
1993,42.0,0.192,279.16,31.16,62.96,47.06,,27
1993,43.0,0.163,276.72,29.34,59.99,44.66,,27
1993,44.0,0.138,273.87,29.97,56.3,43.14,,27
1993,45.0,0.118,271.1,31.01,53.74,42.37,,27
1993,46.0,0.108,268.75,33.63,48.06,40.84,,27
1993,47.0,0.102,267.22,35.93,41.9,38.91,,27
1993,48.0,0.099,266.46,38.72,37.18,37.95,,27
1993,49.0,0.096,265.83,40.97,34.35,37.66,,27
1993,50.0,0.094,265.7,44.2,30.29,37.24,,27
1993,51.0,0.091,265.79,46.66,25.61,36.14,,27
1993,52.0,0.09,265.58,50.31,23.26,36.79,,27
1994,1.0,0.092,264.68,59.82,21.53,40.67,,27
1994,2.0,0.074,263.74,54.95,24.97,39.96,,27
1994,3.0,0.073,263.35,52.39,29.13,40.76,,27
1994,4.0,0.074,262.74,52.88,35.98,44.43,,27
1994,5.0,0.074,261.77,53.24,45.21,49.23,,27
1994,6.0,0.073,261.15,49.21,53.71,51.46,,27
1994,7.0,0.072,260.94,42.5,61.88,52.19,,27
1994,8.0,0.073,261.75,37.06,66.41,51.73,,27
1994,9.0,0.076,263.12,34.43,67.52,50.98,,27
1994,10.0,0.083,265.73,33.79,63.58,48.69,,27
1994,11.0,0.091,269.0,33.0,56.42,44.71,,27
1994,12.0,0.105,272.5,34.14,51.64,42.89,,27
1994,13.0,0.127,276.31,37.82,46.71,42.27,,27
1994,14.0,0.149,279.43,39.88,45.18,42.53,,27
1994,15.0,0.173,282.51,39.54,45.37,42.46,,27
1994,16.0,0.204,285.6,40.12,44.44,42.28,,27
1994,17.0,0.243,287.91,43.22,48.94,46.08,,27
1994,18.0,0.287,289.17,47.35,57.85,52.6,,27
1994,19.0,0.334,290.1,52.24,64.84,58.54,,27
1994,20.0,0.374,290.66,55.54,72.39,63.97,,27
1994,21.0,0.411,291.2,60.21,75.72,67.97,,27
1994,22.0,0.442,291.28,65.84,78.29,72.06,,27
1994,23.0,0.468,291.51,71.94,80.53,76.23,,27
1994,24.0,0.488,292.05,77.59,80.39,78.99,,27
1994,25.0,0.502,292.84,83.63,77.68,80.65,,27
1994,26.0,0.511,293.77,88.43,70.03,79.23,,27
1994,27.0,0.513,294.33,90.03,66.43,78.23,,27
1994,28.0,0.507,294.87,90.03,64.04,77.03,,27
1994,29.0,0.497,295.5,88.17,61.44,74.8,,27
1994,30.0,0.479,295.66,82.71,62.23,72.47,,27
1994,31.0,0.456,295.42,73.6,63.58,68.59,,27
1994,32.0,0.43,294.94,63.13,64.61,63.87,,27
1994,33.0,0.415,294.32,58.51,62.72,60.61,,27
1994,34.0,0.407,293.85,59.78,53.86,56.82,,27
1994,35.0,0.408,293.69,67.22,39.21,53.21,,27
1994,36.0,0.411,293.46,76.96,25.64,51.3,,27
1994,37.0,-1.0,-1.0,-1.0,-1.0,-1.0,,27
1994,38.0,-1.0,-1.0,-1.0,-1.0,-1.0,,27
1994,39.0,-1.0,-1.0,-1.0,-1.0,-1.0,,27
1994,40.0,-1.0,-1.0,-1.0,-1.0,-1.0,,27
1994,41.0,-1.0,-1.0,-1.0,-1.0,-1.0,,27
1994,42.0,-1.0,-1.0,-1.0,-1.0,-1.0,,27
1994,43.0,-1.0,-1.0,-1.0,-1.0,-1.0,,27
1994,44.0,-1.0,-1.0,-1.0,-1.0,-1.0,,27
1994,45.0,-1.0,-1.0,-1.0,-1.0,-1.0,,27
1994,46.0,-1.0,-1.0,-1.0,-1.0,-1.0,,27
1994,47.0,-1.0,-1.0,-1.0,-1.0,-1.0,,27
1994,48.0,-1.0,-1.0,-1.0,-1.0,-1.0,,27
1994,49.0,-1.0,-1.0,-1.0,-1.0,-1.0,,27
1994,50.0,-1.0,-1.0,-1.0,-1.0,-1.0,,27
1994,51.0,-1.0,-1.0,-1.0,-1.0,-1.0,,27
1994,52.0,-1.0,-1.0,-1.0,-1.0,-1.0,,27
1995,1.0,-1.0,-1.0,-1.0,-1.0,-1.0,,27
1995,2.0,-1.0,-1.0,-1.0,-1.0,-1.0,,27
1995,3.0,-1.0,-1.0,-1.0,-1.0,-1.0,,27
1995,4.0,0.06,258.51,34.11,51.9,43.0,,27
1995,5.0,0.063,261.53,37.63,44.81,41.22,,27
1995,6.0,0.071,265.01,42.89,36.67,39.78,,27
1995,7.0,0.082,268.83,47.9,27.61,37.75,,27
1995,8.0,0.099,272.43,53.71,18.83,36.27,,27
1995,9.0,0.114,275.23,57.68,12.68,35.18,,27
1995,10.0,0.128,277.72,59.73,9.69,34.71,,27
1995,11.0,0.141,279.57,59.39,8.14,33.76,,27
1995,12.0,0.153,281.03,58.68,12.33,35.51,,27
1995,13.0,0.166,282.3,57.75,16.85,37.3,,27
1995,14.0,0.183,283.99,57.24,19.44,38.34,,27
1995,15.0,0.201,285.84,54.06,22.75,38.41,,27
1995,16.0,0.225,287.68,50.63,28.29,39.46,,27
1995,17.0,0.256,288.94,49.26,39.92,44.59,,27
1995,18.0,0.297,290.32,51.97,46.59,49.28,,27
1995,19.0,0.345,291.8,57.07,47.25,52.16,,27
1995,20.0,0.391,292.97,63.87,48.07,55.97,,27
1995,21.0,0.429,294.28,70.52,43.46,56.99,,27
1995,22.0,0.463,295.57,78.68,34.47,56.57,,27
1995,23.0,0.485,296.12,83.33,32.86,58.09,,27
1995,24.0,0.499,296.25,85.99,35.22,60.61,,27
1995,25.0,0.505,296.17,87.09,40.11,63.6,,27
1995,26.0,0.507,296.28,88.11,42.07,65.09,,27
1995,27.0,0.504,296.54,87.15,43.0,65.08,,27
1995,28.0,0.497,296.86,86.11,43.76,64.94,,27
1995,29.0,0.485,296.89,82.71,47.69,65.2,,27
1995,30.0,0.471,296.75,78.7,51.84,65.27,,27
1995,31.0,0.459,296.39,75.15,54.27,64.71,,27
1995,32.0,0.448,296.01,73.5,53.91,63.71,,27
1995,33.0,0.439,295.56,72.66,49.33,60.99,,27
1995,34.0,0.431,295.08,72.92,39.23,56.07,,27
1995,35.0,0.419,294.33,73.48,30.84,52.16,,27
1995,36.0,0.408,293.19,76.26,27.11,51.68,,27
1995,37.0,0.386,291.55,77.05,28.34,52.69,,27
1995,38.0,0.367,289.77,79.05,30.37,54.71,,27
1995,39.0,0.349,288.27,81.59,26.13,53.86,,27
1995,40.0,0.327,286.6,82.99,21.81,52.4,,27
1995,41.0,0.305,284.88,85.55,16.66,51.1,,27
1995,42.0,0.279,282.58,85.94,21.03,53.48,,27
1995,43.0,0.249,279.87,84.11,27.12,55.62,,27
1995,44.0,0.214,276.65,79.5,31.78,55.64,,27
1995,45.0,0.175,274.03,69.92,32.19,51.05,,27
1995,46.0,0.142,271.84,59.63,28.91,44.27,,27
1995,47.0,0.12,270.02,54.35,26.8,40.57,,27
1995,48.0,0.101,268.52,47.29,27.37,37.33,,27
1995,49.0,0.089,266.78,42.87,30.03,36.45,,27
1995,50.0,0.074,265.12,35.9,32.45,34.17,,27
1995,51.0,0.067,264.01,32.75,32.87,32.81,,27
1995,52.0,0.06,262.68,29.67,35.17,32.42,,27
1996,1.0,0.053,261.29,27.08,35.95,31.52,,27
1996,2.0,0.049,260.38,22.36,39.8,31.08,,27
1996,3.0,0.043,259.39,16.26,46.8,31.53,,27
1996,4.0,0.037,258.25,11.78,55.31,33.55,,27
1996,5.0,0.031,257.55,7.89,62.69,35.29,,27
1996,6.0,0.028,257.51,5.95,68.54,37.25,,27
1996,7.0,0.027,258.06,4.94,74.09,39.51,,27
1996,8.0,0.027,259.41,3.98,76.8,40.39,,27
1996,9.0,0.029,261.35,3.84,74.85,39.35,,27
1996,10.0,0.035,263.98,5.57,70.37,37.97,,27
1996,11.0,0.046,267.18,8.25,63.57,35.91,,27
1996,12.0,0.064,270.94,12.57,57.93,35.25,,27
1996,13.0,0.09,274.8,19.17,53.78,36.48,,27
1996,14.0,0.126,278.79,28.37,48.32,38.34,,27
1996,15.0,0.166,282.95,35.75,41.84,38.79,,27
1996,16.0,0.21,286.81,43.16,34.06,38.61,,27
1996,17.0,0.259,289.9,50.54,29.41,39.97,,27
1996,18.0,0.308,292.69,57.02,21.32,39.17,,27
1996,19.0,0.357,294.52,63.28,17.7,40.49,,27
1996,20.0,0.4,296.0,68.88,15.08,41.98,,27
1996,21.0,0.435,297.21,73.35,12.33,42.84,,27
1996,22.0,0.453,297.62,72.17,13.32,42.74,,27
1996,23.0,0.465,297.72,69.53,16.19,42.86,,27
1996,24.0,0.474,297.89,68.52,17.63,43.07,,27
1996,25.0,0.476,297.76,67.07,22.45,44.76,,27
1996,26.0,0.473,297.41,64.56,30.03,47.3,,27
1996,27.0,0.464,296.88,59.83,39.92,49.88,,27
1996,28.0,0.454,296.4,57.76,48.7,53.23,,27
1996,29.0,0.444,296.2,56.52,54.7,55.61,,27
1996,30.0,0.424,295.69,49.71,62.09,55.9,,27
1996,31.0,0.412,295.35,46.86,64.32,55.59,,27
1996,32.0,0.405,295.25,47.4,61.61,54.5,,27
1996,33.0,0.397,294.95,47.79,56.0,51.89,,27
1996,34.0,0.385,294.35,47.01,47.87,47.44,,27
1996,35.0,0.365,293.05,43.99,46.81,45.4,,27
1996,36.0,0.349,291.11,44.87,51.91,48.39,,27
1996,37.0,0.337,289.19,50.85,56.48,53.66,,27
1996,38.0,0.323,287.79,55.01,55.28,55.14,,27
1996,39.0,0.306,286.21,56.98,53.3,55.14,,27
1996,40.0,0.283,284.53,57.04,49.37,53.21,,27
1996,41.0,0.257,282.8,55.95,44.56,50.26,,27
1996,42.0,0.22,280.52,48.63,46.83,47.73,,27
1996,43.0,0.181,277.29,40.67,54.18,47.43,,27
1996,44.0,0.153,273.79,38.74,56.89,47.82,,27
1996,45.0,0.125,269.29,34.64,66.64,50.64,,27
1996,46.0,0.093,263.4,23.31,79.46,51.38,,27
1996,47.0,0.069,258.65,13.91,85.65,49.78,,27
1996,48.0,0.054,256.13,8.17,83.87,46.02,,27
1996,49.0,0.046,255.21,6.41,78.79,42.6,,27
1996,50.0,0.044,255.38,7.78,72.91,40.34,,27
1996,51.0,0.045,256.48,12.11,64.83,38.47,,27
1996,52.0,0.047,257.51,15.9,57.79,36.84,,27
1997,1.0,0.052,258.58,25.59,49.31,37.45,,27
1997,2.0,0.058,260.25,33.8,41.85,37.82,,27
1997,3.0,0.065,262.2,39.85,35.33,37.59,,27
1997,4.0,0.073,264.29,48.0,29.75,38.87,,27
1997,5.0,0.083,265.91,58.55,28.18,43.37,,27
1997,6.0,0.097,267.38,67.44,28.33,47.89,,27
1997,7.0,0.11,269.64,70.13,25.26,47.69,,27
1997,8.0,0.12,271.9,68.42,21.83,45.12,,27
1997,9.0,0.129,274.05,66.78,18.44,42.61,,27
1997,10.0,0.139,276.13,65.44,17.36,41.4,,27
1997,11.0,0.151,278.52,64.23,13.25,38.74,,27
1997,12.0,0.16,280.67,61.52,14.25,37.88,,27
1997,13.0,0.173,282.38,60.36,16.7,38.53,,27
1997,14.0,0.186,283.67,58.06,21.78,39.92,,27
1997,15.0,0.202,285.42,54.05,26.35,40.2,,27
1997,16.0,0.227,287.64,51.28,29.28,40.28,,27
1997,17.0,0.256,289.54,49.06,34.55,41.81,,27
1997,18.0,0.282,290.81,44.51,41.68,43.09,,27
1997,19.0,0.312,291.92,39.92,46.03,42.97,,27
1997,20.0,0.344,293.03,37.79,47.54,42.67,,27
1997,21.0,0.371,293.08,35.74,56.42,46.08,,27
1997,22.0,0.395,292.72,35.37,64.15,49.76,,27
1997,23.0,0.416,292.92,37.72,66.59,52.15,,27
1997,24.0,0.436,293.37,43.96,66.74,55.35,,27
1997,25.0,0.446,293.47,47.92,70.91,59.41,,27
1997,26.0,0.449,293.28,49.51,75.4,62.45,,27
1997,27.0,0.437,292.65,43.52,83.71,63.61,,27
1997,28.0,0.428,292.37,41.44,88.63,65.04,,27
1997,29.0,0.426,292.52,45.48,90.01,67.75,,27
1997,30.0,0.426,292.81,51.03,88.9,69.97,,27
1997,31.0,0.424,293.06,54.38,86.01,70.19,,27
1997,32.0,0.422,293.06,56.96,83.48,70.22,,27
1997,33.0,0.417,292.75,59.22,79.56,69.39,,27
1997,34.0,0.409,292.21,60.11,73.23,66.67,,27
1997,35.0,0.398,291.33,61.89,67.96,64.93,,27
1997,36.0,0.385,290.28,63.67,62.02,62.84,,27
1997,37.0,0.366,288.98,66.16,59.35,62.75,,27
1997,38.0,0.343,287.34,65.61,60.91,63.26,,27
1997,39.0,0.314,285.14,61.53,67.25,64.39,,27
1997,40.0,0.28,282.5,55.57,75.96,65.76,,27
1997,41.0,0.252,280.32,53.24,76.68,64.96,,27
1997,42.0,0.226,278.15,52.1,74.9,63.5,,27
1997,43.0,0.196,275.23,50.04,75.11,62.57,,27
1997,44.0,0.164,272.04,45.77,72.47,59.12,,27
1997,45.0,0.128,268.29,36.85,74.33,55.59,,27
1997,46.0,0.096,264.44,25.33,74.35,49.84,,27
1997,47.0,0.073,261.18,17.13,73.57,45.35,,27
1997,48.0,0.06,257.79,13.35,76.92,45.14,,27
1997,49.0,0.052,255.29,11.78,78.49,45.13,,27
1997,50.0,0.047,253.82,10.39,79.08,44.73,,27
1997,51.0,0.045,253.2,12.42,78.28,45.35,,27
1997,52.0,0.046,253.36,16.96,75.23,46.09,,27
1998,1.0,0.051,254.29,27.28,68.52,47.9,,27
1998,2.0,0.059,256.66,36.31,58.41,47.36,,27
1998,3.0,0.064,259.18,41.47,49.33,45.4,,27
1998,4.0,0.071,261.07,48.62,44.28,46.45,,27
1998,5.0,0.078,263.06,55.49,40.5,48.0,,27
1998,6.0,0.085,264.83,58.24,39.14,48.69,,27
1998,7.0,0.088,266.05,53.54,41.15,47.34,,27
1998,8.0,0.088,267.28,46.67,43.39,45.03,,27
1998,9.0,0.087,268.02,40.66,46.82,43.74,,27
1998,10.0,0.085,268.8,34.0,50.3,42.15,,27
1998,11.0,0.084,269.65,28.41,52.76,40.59,,27
1998,12.0,0.089,271.05,25.7,57.06,41.38,,27
1998,13.0,0.106,273.96,27.26,57.17,42.21,,27
1998,14.0,0.13,277.76,30.33,53.88,42.1,,27
1998,15.0,0.17,281.99,37.75,48.58,43.16,,27
1998,16.0,0.227,285.9,51.67,41.59,46.63,,27
1998,17.0,0.275,288.92,58.92,38.82,48.87,,27
1998,18.0,0.314,291.18,60.49,36.83,48.66,,27
1998,19.0,0.351,292.81,60.69,36.07,48.38,,27
1998,20.0,0.389,293.91,63.13,37.94,50.53,,27
1998,21.0,0.423,294.85,66.78,37.45,52.11,,27
1998,22.0,0.448,295.6,69.13,34.32,51.73,,27
1998,23.0,0.464,295.89,69.04,35.56,52.3,,27
1998,24.0,0.473,295.9,68.09,39.5,53.79,,27
1998,25.0,0.478,295.5,68.95,48.46,58.7,,27
1998,26.0,0.478,295.13,69.08,55.63,62.35,,27
1998,27.0,0.475,294.83,68.51,61.64,65.08,,27
1998,28.0,0.477,295.11,73.44,61.89,67.67,,27
1998,29.0,0.481,295.61,80.41,60.49,70.45,,27
1998,30.0,0.479,295.78,83.49,61.2,72.34,,27
1998,31.0,0.466,295.14,79.56,66.37,72.96,,27
1998,32.0,0.447,294.04,73.12,73.78,73.45,,27
1998,33.0,0.431,292.93,68.0,77.66,72.83,,27
1998,34.0,0.421,292.04,67.36,75.25,71.31,,27
1998,35.0,0.413,291.44,69.89,66.66,68.27,,27
1998,36.0,0.402,290.4,73.07,60.5,66.78,,27
1998,37.0,0.392,289.23,79.66,56.09,67.88,,27
1998,38.0,0.377,287.89,84.0,54.1,69.05,,27
1998,39.0,0.356,285.84,84.8,58.38,71.59,,27
1998,40.0,0.329,283.49,83.81,63.38,73.59,,27
1998,41.0,0.292,281.0,77.45,68.48,72.97,,27
1998,42.0,0.251,278.26,68.58,74.15,71.36,,27
1998,43.0,0.213,275.21,61.0,75.43,68.21,,27
1998,44.0,0.173,271.49,52.71,77.04,64.87,,27
1998,45.0,0.135,267.48,42.35,80.0,61.17,,27
1998,46.0,0.105,263.46,32.66,80.44,56.55,,27
1998,47.0,0.087,260.1,28.69,79.48,54.09,,27
1998,48.0,0.073,258.0,24.59,75.77,50.18,,27
1998,49.0,0.063,256.16,21.24,74.35,47.8,,27
1998,50.0,0.058,254.82,21.42,74.33,47.87,,27
1998,51.0,0.054,254.48,21.84,72.25,47.04,,27
1998,52.0,0.05,254.66,20.9,68.82,44.86,,27
1999,1.0,0.047,254.7,21.54,65.1,43.32,,27
1999,2.0,0.047,254.17,22.28,67.76,45.02,,27
1999,3.0,0.049,253.32,24.6,73.71,49.15,,27
1999,4.0,0.052,252.23,29.04,79.81,54.43,,27
1999,5.0,0.055,252.12,34.01,82.94,58.47,,27
1999,6.0,0.059,253.31,36.32,83.65,59.98,,27
1999,7.0,0.066,256.21,37.16,80.93,59.04,,27
1999,8.0,0.075,259.95,38.23,74.4,56.31,,27
1999,9.0,0.087,264.59,41.15,61.1,51.13,,27
1999,10.0,0.108,269.39,47.59,47.3,47.44,,27
1999,11.0,0.134,273.34,55.55,36.59,46.07,,27
1999,12.0,0.162,277.21,62.63,30.04,46.34,,27
1999,13.0,0.189,280.68,68.93,24.87,46.9,,27
1999,14.0,0.221,283.45,76.02,21.91,48.97,,27
1999,15.0,0.255,285.69,81.84,23.09,52.47,,27
1999,16.0,0.292,287.7,84.48,27.54,56.01,,27
1999,17.0,0.329,289.11,85.17,37.98,61.57,,27
1999,18.0,0.366,290.11,85.38,48.58,66.98,,27
1999,19.0,0.4,291.33,85.61,52.13,68.87,,27
1999,20.0,0.433,292.64,86.75,51.78,69.27,,27
1999,21.0,0.46,294.43,88.14,42.11,65.13,,27
1999,22.0,0.477,295.98,87.13,30.39,58.76,,27
1999,23.0,0.488,297.08,84.55,23.12,53.83,,27
1999,24.0,0.493,297.74,81.17,19.35,50.26,,27
1999,25.0,0.491,298.09,77.39,18.79,48.09,,27
1999,26.0,0.484,298.18,72.29,21.54,46.91,,27
1999,27.0,0.473,297.84,66.27,29.68,47.97,,27
1999,28.0,0.46,297.38,61.95,38.77,50.36,,27
1999,29.0,0.443,296.77,56.26,49.16,52.71,,27
1999,30.0,0.429,296.17,53.06,57.53,55.3,,27
1999,31.0,0.418,295.28,50.61,65.01,57.81,,27
1999,32.0,0.414,294.4,52.81,70.08,61.44,,27
1999,33.0,0.417,293.86,59.91,67.75,63.83,,27
1999,34.0,0.42,293.5,67.07,58.12,62.6,,27
1999,35.0,0.411,292.6,69.06,52.53,60.8,,27
1999,36.0,0.401,291.79,72.38,43.95,58.16,,27
1999,37.0,0.384,291.1,75.66,33.64,54.65,,27
1999,38.0,0.356,289.87,72.69,28.92,50.81,,27
1999,39.0,0.319,287.77,64.41,32.89,48.65,,27
1999,40.0,0.28,284.74,54.94,46.64,50.79,,27
1999,41.0,0.24,281.19,45.09,65.64,55.37,,27
1999,42.0,0.203,278.19,37.58,74.81,56.19,,27
1999,43.0,0.17,275.35,32.77,73.88,53.32,,27
1999,44.0,0.14,272.97,30.03,64.21,47.12,,27
1999,45.0,0.115,270.48,27.55,58.14,42.84,,27
1999,46.0,0.094,268.65,23.62,48.3,35.96,,27
1999,47.0,0.078,267.3,20.59,41.07,30.83,,27
1999,48.0,0.066,266.22,18.43,37.69,28.06,,27
1999,49.0,0.063,265.61,20.92,34.5,27.71,,27
1999,50.0,0.06,265.15,22.66,31.83,27.25,,27
1999,51.0,0.053,264.41,19.85,30.72,25.29,,27
1999,52.0,0.048,263.79,18.82,30.1,24.46,,27
2000,1.0,0.044,262.34,18.62,31.06,24.84,,27
2000,2.0,0.04,261.43,14.43,34.73,24.58,,27
2000,3.0,0.037,260.59,11.6,41.34,26.47,,27
2000,4.0,0.037,260.27,12.79,46.45,29.62,,27
2000,5.0,0.037,260.4,14.78,50.68,32.73,,27
2000,6.0,0.039,260.88,16.61,54.7,35.66,,27
2000,7.0,0.041,262.28,16.28,56.62,36.45,,27
2000,8.0,0.045,264.19,16.97,56.54,36.75,,27
2000,9.0,0.054,266.2,20.35,54.96,37.66,,27
2000,10.0,0.068,268.38,24.76,52.98,38.87,,27
2000,11.0,0.083,270.73,28.45,49.53,38.99,,27
2000,12.0,0.1,273.85,31.35,46.24,38.8,,27
2000,13.0,0.124,277.55,36.44,41.0,38.72,,27
2000,14.0,0.157,281.11,43.78,35.85,39.81,,27
2000,15.0,0.2,284.67,53.47,30.71,42.09,,27
2000,16.0,0.258,287.42,67.23,30.25,48.74,,27
2000,17.0,0.321,289.62,80.57,33.37,56.97,,27
2000,18.0,0.365,291.05,83.78,39.12,61.45,,27
2000,19.0,0.394,291.99,81.22,45.18,63.2,,27
2000,20.0,0.415,292.71,76.7,50.94,63.82,,27
2000,21.0,0.435,293.55,73.52,51.5,62.51,,27
2000,22.0,0.45,294.23,70.08,48.6,59.34,,27
2000,23.0,0.457,294.44,64.29,50.59,57.44,,27
2000,24.0,0.462,294.46,60.39,54.81,57.6,,27
2000,25.0,0.459,294.32,55.58,61.21,58.4,,27
2000,26.0,0.453,294.21,51.52,65.35,58.43,,27
2000,27.0,0.442,293.86,46.06,71.45,58.76,,27
2000,28.0,0.43,293.53,42.62,77.41,60.02,,27
2000,29.0,0.423,293.31,43.16,82.51,62.84,,27
2000,30.0,0.421,293.41,48.1,83.3,65.7,,27
2000,31.0,0.415,293.16,49.26,84.93,67.09,,27
2000,32.0,0.405,292.64,47.11,87.21,67.16,,27
2000,33.0,0.39,292.1,43.85,85.97,64.91,,27
2000,34.0,0.37,291.11,39.07,84.85,61.96,,27
2000,35.0,0.343,289.46,33.22,86.56,59.89,,27
2000,36.0,0.323,287.97,32.6,84.45,58.53,,27
2000,37.0,0.305,286.74,34.63,81.82,58.22,,27
2000,38.0,0.288,286.1,36.43,74.71,55.57,,27
2000,39.0,0.273,285.65,39.36,60.48,49.92,,27
2000,40.0,0.256,284.84,41.64,45.6,43.62,,27
2000,41.0,0.231,283.58,40.48,34.51,37.49,,27
2000,42.0,0.198,281.8,35.15,31.2,33.17,,27
2000,43.0,0.163,279.88,29.93,27.09,28.51,,27
2000,44.0,0.125,277.87,22.38,20.94,21.66,,27
2000,45.0,0.1,276.09,20.21,16.88,18.55,,27
2000,46.0,0.083,274.6,19.78,11.82,15.8,,27
2000,47.0,0.07,273.03,19.6,10.74,15.17,,27
2000,48.0,0.063,272.05,21.03,10.84,15.93,,27
2000,49.0,0.064,271.26,24.75,10.85,17.8,,27
2000,50.0,0.06,269.82,27.2,12.97,20.09,,27
2000,51.0,0.056,268.51,26.66,14.09,20.37,,27
2000,52.0,0.094,267.33,66.21,15.57,40.89,,27
2001,1.0,0.092,265.67,71.93,17.17,44.55,,27
2001,2.0,0.084,264.04,65.86,23.48,44.67,,27
2001,3.0,0.078,262.79,56.47,31.63,44.05,,27
2001,4.0,0.072,262.63,50.26,36.57,43.42,,27
2001,5.0,0.07,262.78,48.31,41.45,44.88,,27
2001,6.0,0.072,263.29,47.25,45.64,46.45,,27
2001,7.0,0.074,264.01,43.04,50.17,46.6,,27
2001,8.0,0.081,265.39,42.65,51.95,47.3,,27
2001,9.0,0.094,267.75,45.69,48.74,47.21,,27
2001,10.0,0.113,270.74,51.4,43.49,47.45,,27
2001,11.0,0.141,274.2,59.84,34.78,47.31,,27
2001,12.0,0.172,277.58,68.32,29.89,49.11,,27
2001,13.0,0.2,280.85,74.67,25.09,49.88,,27
2001,14.0,0.226,283.33,78.93,23.82,51.37,,27
2001,15.0,0.248,284.98,78.14,29.32,53.73,,27
2001,16.0,0.275,286.62,75.99,37.49,56.74,,27
2001,17.0,0.317,288.42,78.89,45.13,62.01,,27
2001,18.0,0.367,289.69,84.93,53.03,68.98,,27
2001,19.0,0.401,290.43,85.07,61.61,73.34,,27
2001,20.0,0.421,290.92,80.05,70.18,75.11,,27
2001,21.0,0.428,290.84,69.68,79.83,74.75,,27
2001,22.0,0.43,290.55,57.63,85.78,71.71,,27
2001,23.0,0.43,290.69,46.74,88.82,67.78,,27
2001,24.0,0.437,291.48,44.03,86.35,65.19,,27
2001,25.0,0.447,292.61,47.94,80.21,64.08,,27
2001,26.0,0.456,293.91,53.99,68.73,61.36,,27
2001,27.0,0.464,295.16,60.19,57.89,59.04,,27
2001,28.0,0.461,295.78,62.07,54.95,58.51,,27
2001,29.0,0.454,296.05,62.94,56.21,59.57,,27
2001,30.0,0.45,296.36,65.49,55.76,60.63,,27
2001,31.0,0.445,296.36,66.66,54.73,60.69,,27
2001,32.0,0.437,295.89,66.57,55.26,60.91,,27
2001,33.0,0.426,295.14,65.17,54.11,59.64,,27
2001,34.0,0.413,294.18,62.73,50.06,56.4,,27
2001,35.0,0.401,292.83,63.43,49.52,56.47,,27
2001,36.0,0.39,291.54,66.28,46.96,56.62,,27
2001,37.0,0.377,290.13,71.6,45.39,58.5,,27
2001,38.0,0.358,288.65,73.7,44.32,59.01,,27
2001,39.0,0.341,287.04,76.12,42.0,59.06,,27
2001,40.0,0.318,284.65,76.86,47.37,62.12,,27
2001,41.0,0.292,281.89,77.18,56.17,66.67,,27
2001,42.0,0.267,279.59,77.82,58.04,67.93,,27
2001,43.0,0.239,276.75,77.06,59.92,68.49,,27
2001,44.0,0.211,273.15,76.4,62.69,69.54,,27
2001,45.0,0.183,269.54,73.76,64.94,69.35,,27
2001,46.0,0.152,265.75,65.7,66.05,65.88,,27
2001,47.0,0.122,261.63,55.01,70.7,62.86,,27
2001,48.0,0.1,257.1,45.05,78.11,61.58,,27
2001,49.0,0.085,253.22,38.99,84.11,61.55,,27
2001,50.0,0.076,251.28,37.71,86.26,61.98,,27
2001,51.0,0.068,250.27,35.0,87.41,61.2,,27
2001,52.0,0.065,249.96,36.85,86.74,61.79,,27
2002,1.0,0.061,250.08,39.25,84.4,61.82,,27
2002,2.0,0.061,252.0,38.27,77.16,57.72,,27
2002,3.0,0.071,256.53,48.41,59.36,53.89,,27
2002,4.0,0.083,260.82,60.6,43.63,52.11,,27
2002,5.0,0.098,264.62,74.86,32.61,53.73,,27
2002,6.0,0.115,267.99,84.56,25.0,54.78,,27
2002,7.0,0.137,271.21,92.11,17.92,55.02,,27
2002,8.0,0.159,273.69,95.82,13.41,54.61,,27
2002,9.0,0.178,276.07,97.13,8.95,53.04,,27
2002,10.0,0.193,278.04,96.75,8.57,52.66,,27
2002,11.0,0.213,280.36,97.29,4.68,50.99,,27
2002,12.0,0.231,282.55,97.49,5.57,51.53,,27
2002,13.0,0.248,284.28,97.73,7.14,52.44,,27
2002,14.0,0.263,285.71,96.99,9.64,53.32,,27
2002,15.0,0.282,287.64,95.28,10.39,52.84,,27
2002,16.0,0.309,289.87,92.78,10.74,51.76,,27
2002,17.0,0.343,291.5,91.38,15.88,53.63,,27
2002,18.0,0.379,292.62,91.41,23.31,57.36,,27
2002,19.0,0.411,293.66,90.64,27.94,59.29,,27
2002,20.0,0.434,294.25,87.03,34.66,60.85,,27
2002,21.0,0.449,294.67,81.33,39.58,60.45,,27
2002,22.0,0.457,295.02,74.06,40.31,57.18,,27
2002,23.0,0.463,295.39,67.73,40.6,54.16,,27
2002,24.0,0.464,296.13,61.51,36.58,49.04,,27
2002,25.0,0.465,297.21,59.18,28.59,43.89,,27
2002,26.0,0.459,297.91,54.81,24.44,39.62,,27
2002,27.0,0.451,298.55,50.47,22.2,36.33,,27
2002,28.0,0.435,298.85,44.41,23.97,34.19,,27
2002,29.0,0.416,298.86,37.94,28.77,33.35,,27
2002,30.0,0.401,298.53,35.13,35.36,35.24,,27
2002,31.0,0.392,298.1,34.38,38.29,36.33,,27
2002,32.0,0.384,297.57,33.9,38.56,36.23,,27
2002,33.0,0.376,296.89,34.68,35.48,35.08,,27
2002,34.0,0.363,295.71,33.81,32.14,32.98,,27
2002,35.0,0.346,294.09,33.04,34.21,33.62,,27
2002,36.0,0.325,292.1,32.36,40.39,36.38,,27
2002,37.0,0.303,289.37,32.85,54.63,43.74,,27
2002,38.0,0.287,286.56,35.55,70.81,53.18,,27
2002,39.0,0.275,284.48,40.01,75.96,57.98,,27
2002,40.0,0.26,282.46,43.84,76.58,60.21,,27
2002,41.0,0.242,280.3,47.35,77.03,62.19,,27
2002,42.0,0.223,277.97,50.85,77.62,64.24,,27
2002,43.0,0.205,275.89,56.21,68.7,62.46,,27
2002,44.0,0.188,273.99,61.96,55.38,58.67,,27
2002,45.0,0.172,271.89,66.75,47.98,57.36,,27
2002,46.0,0.159,269.36,71.46,44.28,57.87,,27
2002,47.0,0.149,266.43,76.4,46.0,61.2,,27
2002,48.0,0.138,264.17,76.93,47.59,62.26,,27
2002,49.0,0.126,263.02,74.82,46.02,60.42,,27
2002,50.0,0.113,261.08,74.32,49.36,61.84,,27
2002,51.0,0.103,258.87,71.26,54.69,62.98,,27
2002,52.0,0.092,257.71,65.75,56.56,61.15,,27
2003,1.0,0.08,257.61,58.92,53.13,56.03,,27
2003,2.0,0.071,256.71,47.09,57.43,52.26,,27
2003,3.0,0.067,256.34,41.47,61.52,51.5,,27
2003,4.0,0.064,256.57,38.47,63.53,51.01,,27
2003,5.0,0.062,257.62,36.39,63.49,49.94,,27
2003,6.0,0.061,258.68,33.68,64.72,49.2,,27
2003,7.0,0.061,259.57,30.58,68.66,49.62,,27
2003,8.0,0.063,260.71,28.27,71.84,50.06,,27
2003,9.0,-1.0,-1.0,-1.0,-1.0,-1.0,,27
2003,10.0,0.079,265.96,30.06,62.29,46.17,,27
2003,11.0,0.098,268.88,35.41,56.4,45.9,,27
2003,12.0,0.123,271.83,42.3,54.05,48.18,,27
2003,13.0,0.148,275.48,47.88,50.85,49.36,,27
2003,14.0,0.174,279.65,52.46,44.54,48.5,,27
2003,15.0,0.2,282.86,53.18,43.95,48.57,,27
2003,16.0,0.228,285.56,52.03,45.7,48.87,,27
2003,17.0,0.258,288.23,50.38,46.4,48.39,,27
2003,18.0,0.294,290.95,50.48,40.03,45.25,,27
2003,19.0,0.33,293.14,49.8,33.23,41.52,,27
2003,20.0,0.367,294.58,50.98,31.33,41.16,,27
2003,21.0,0.396,295.28,50.39,33.43,41.91,,27
2003,22.0,0.415,295.53,47.89,35.51,41.7,,27
2003,23.0,0.428,295.49,44.72,40.27,42.5,,27
2003,24.0,0.43,295.23,39.66,47.2,43.43,,27
2003,25.0,0.43,295.04,36.8,53.75,45.28,,27
2003,26.0,0.427,294.83,35.36,58.78,47.07,,27
2003,27.0,0.426,294.99,35.78,59.8,47.79,,27
2003,28.0,0.423,295.17,38.08,61.35,49.72,,27
2003,29.0,0.417,294.99,39.68,66.66,53.17,,27
2003,30.0,0.411,294.79,41.96,70.7,56.33,,27
2003,31.0,0.41,294.58,45.46,71.8,58.63,,27
2003,32.0,0.403,294.13,45.81,72.86,59.34,,27
2003,33.0,0.396,293.47,46.58,72.04,59.31,,27
2003,34.0,0.387,292.28,47.69,72.51,60.1,,27
2003,35.0,0.381,291.24,52.09,69.15,60.62,,27
2003,36.0,0.372,290.4,57.17,60.52,58.85,,27
2003,37.0,0.358,289.28,61.67,55.43,58.55,,27
2003,38.0,0.338,287.88,62.55,54.01,58.28,,27
2003,39.0,0.314,286.01,61.2,55.69,58.44,,27
2003,40.0,0.28,283.16,55.14,66.18,60.66,,27
2003,41.0,0.249,280.27,50.92,74.56,62.74,,27
2003,42.0,0.225,278.11,51.76,73.76,62.76,,27
2003,43.0,0.21,276.49,58.54,61.97,60.26,,27
2003,44.0,0.197,274.79,67.27,48.16,57.72,,27
2003,45.0,0.18,273.55,71.91,35.47,53.69,,27
2003,46.0,0.159,272.21,71.45,26.41,48.93,,27
2003,47.0,0.137,269.41,67.34,29.96,48.65,,27
2003,48.0,0.118,266.69,60.84,35.75,48.29,,27
2003,49.0,0.102,263.56,54.5,43.52,49.01,,27
2003,50.0,0.093,260.21,54.53,52.62,53.57,,27
2003,51.0,0.081,255.82,49.96,66.64,58.3,,27
2003,52.0,0.07,250.72,43.6,81.39,62.5,,27
2004,1.0,0.06,247.32,37.79,86.87,62.33,,27
2004,2.0,-1.0,-1.0,-1.0,-1.0,-1.0,,27
2004,3.0,-1.0,-1.0,-1.0,-1.0,-1.0,,27
2004,4.0,-1.0,-1.0,-1.0,-1.0,-1.0,,27
2004,5.0,0.051,249.18,30.0,89.18,59.59,,27
2004,6.0,0.052,252.08,29.0,86.28,57.64,,27
2004,7.0,0.053,254.52,26.49,84.98,55.74,,27
2004,8.0,0.055,256.51,23.81,83.82,53.82,,27
2004,9.0,0.056,258.16,21.34,81.71,51.52,,27
2004,10.0,0.056,259.19,18.33,82.13,50.23,,27
2004,11.0,-1.0,-1.0,-1.0,-1.0,-1.0,,27
2004,12.0,-1.0,-1.0,-1.0,-1.0,-1.0,,27
2004,13.0,-1.0,-1.0,-1.0,-1.0,-1.0,,27
2004,14.0,-1.0,-1.0,-1.0,-1.0,-1.0,,27
2004,15.0,-1.0,-1.0,-1.0,-1.0,-1.0,,27
2004,16.0,-1.0,-1.0,-1.0,-1.0,-1.0,,27
2004,17.0,-1.0,-1.0,-1.0,-1.0,-1.0,,27
2004,18.0,-1.0,-1.0,-1.0,-1.0,-1.0,,27
2004,19.0,-1.0,-1.0,-1.0,-1.0,-1.0,,27
2004,20.0,-1.0,-1.0,-1.0,-1.0,-1.0,,27
2004,21.0,-1.0,-1.0,-1.0,-1.0,-1.0,,27
2004,22.0,-1.0,-1.0,-1.0,-1.0,-1.0,,27
2004,23.0,-1.0,-1.0,-1.0,-1.0,-1.0,,27
2004,24.0,-1.0,-1.0,-1.0,-1.0,-1.0,,27
2004,25.0,0.445,293.77,47.24,62.94,55.09,,27
2004,26.0,0.444,293.91,46.57,64.32,55.44,,27
2004,27.0,0.453,294.62,52.48,61.74,57.11,,27
2004,28.0,0.456,295.19,58.27,60.29,59.28,,27
2004,29.0,-1.0,-1.0,-1.0,-1.0,-1.0,,27
2004,30.0,0.449,295.58,64.2,62.99,63.59,,27
2004,31.0,0.443,295.52,64.9,62.62,63.76,,27
2004,32.0,0.436,295.38,65.35,60.27,62.81,,27
2004,33.0,0.426,295.02,64.57,55.4,59.98,,27
2004,34.0,0.426,294.65,69.13,44.72,56.93,,27
2004,35.0,0.418,293.92,71.48,36.52,54.0,,27
2004,36.0,0.397,292.87,69.65,31.39,50.52,,27
2004,37.0,0.373,291.21,69.15,32.59,50.87,,27
2004,38.0,0.345,288.91,66.16,41.49,53.83,,27
2004,39.0,0.318,286.59,63.52,48.62,56.07,,27
2004,40.0,0.292,284.63,61.84,48.1,54.97,,27
2004,41.0,0.264,282.87,59.74,43.47,51.6,,27
2004,42.0,0.239,280.64,60.46,45.26,52.86,,27
2004,43.0,0.216,278.66,62.91,39.99,51.45,,27
2004,44.0,0.19,276.21,63.1,35.85,49.47,,27
2004,45.0,0.157,272.49,57.03,43.66,50.35,,27
2004,46.0,0.13,268.35,50.74,50.43,50.58,,27
2004,47.0,0.113,265.22,48.65,52.24,50.45,,27
2004,48.0,0.099,263.13,45.94,52.3,49.12,,27
2004,49.0,0.084,261.36,39.27,53.03,46.15,,27
2004,50.0,0.073,259.66,36.6,55.11,45.86,,27
2004,51.0,0.07,259.13,39.65,53.63,46.64,,27
2004,52.0,0.068,258.63,42.53,52.92,47.73,,27
2005,1.0,0.067,258.43,46.87,49.84,48.36,,27
2005,2.0,0.067,259.07,45.43,46.78,46.1,,27
2005,3.0,0.065,258.46,41.21,51.52,46.37,,27
2005,4.0,0.064,257.82,39.99,57.23,48.61,,27
2005,5.0,0.058,256.77,34.88,65.44,50.16,,27
2005,6.0,0.052,256.38,28.16,72.3,50.23,,27
2005,7.0,0.051,257.05,23.99,77.68,50.84,,27
2005,8.0,0.052,258.49,21.73,80.19,50.96,,27
2005,9.0,0.056,260.01,21.1,80.34,50.72,,27
2005,10.0,0.06,261.88,19.77,79.59,49.68,,27
2005,11.0,0.071,264.67,21.51,75.19,48.35,,27
2005,12.0,0.09,268.79,26.26,68.58,47.42,,27
2005,13.0,0.117,273.29,32.81,62.7,47.75,,27
2005,14.0,0.146,277.99,38.41,54.61,46.51,,27
2005,15.0,0.174,281.98,39.32,50.32,44.82,,27
2005,16.0,0.203,284.6,39.22,53.42,46.32,,27
2005,17.0,-1.0,-1.0,-1.0,-1.0,-1.0,,27
2005,18.0,0.274,287.98,40.7,67.06,53.88,,27
2005,19.0,0.313,289.78,40.93,65.85,53.39,,27
2005,20.0,0.391,292.97,63.87,48.07,55.97,,27
2005,21.0,0.39,292.91,47.28,57.57,52.42,,27
2005,22.0,0.416,293.27,49.22,58.25,53.73,,27
2005,23.0,0.433,293.12,49.3,64.54,56.92,,27
2005,24.0,0.447,293.33,51.58,67.28,59.43,,27
2005,25.0,0.459,293.65,56.34,68.9,62.62,,27
2005,26.0,0.47,294.19,63.32,65.76,64.54,,27
2005,27.0,0.482,295.0,72.12,59.72,65.92,,27
2005,28.0,0.484,295.52,76.47,57.73,67.1,,27
2005,29.0,0.476,295.31,75.67,63.47,69.57,,27
2005,30.0,0.472,295.9,77.73,60.15,68.94,,27
2005,31.0,0.471,296.09,80.92,57.25,69.08,,27
2005,32.0,0.47,296.17,83.44,52.39,67.92,,27
2005,33.0,0.463,296.16,83.48,43.09,63.28,,27
2005,34.0,0.455,295.99,83.28,28.95,56.11,,27
2005,35.0,0.443,295.45,83.32,18.34,50.83,,27
2005,36.0,0.427,294.67,83.49,11.9,47.7,,27
2005,37.0,0.409,293.68,85.99,7.25,46.62,,27
2005,38.0,0.387,292.45,86.65,4.13,45.39,,27
2005,39.0,0.363,290.79,85.97,3.07,44.52,,27
2005,40.0,0.341,288.12,87.25,6.87,47.06,,27
2005,41.0,0.315,285.76,87.8,8.06,47.93,,27
2005,42.0,0.286,283.36,86.75,12.95,49.85,,27
2005,43.0,0.253,280.66,84.33,19.25,51.79,,27
2005,44.0,0.219,277.96,81.05,20.23,50.64,,27
2005,45.0,0.179,274.79,71.98,26.38,49.18,,27
2005,46.0,0.144,271.43,61.27,31.6,46.43,,27
2005,47.0,0.117,268.19,52.29,36.96,44.62,,27
2005,48.0,0.096,264.71,44.06,45.33,44.69,,27
2005,49.0,0.083,261.84,39.29,51.18,45.24,,27
2005,50.0,0.078,260.74,41.32,50.81,46.07,,27
2005,51.0,0.074,259.87,42.96,50.59,46.77,,27
2005,52.0,0.07,258.97,43.58,51.55,47.56,,27
2006,1.0,0.068,257.41,47.82,54.65,51.23,,27
2006,2.0,0.07,257.31,48.54,55.11,51.83,,27
2006,3.0,0.07,257.87,46.98,54.51,50.74,,27
2006,4.0,0.067,257.5,43.91,59.12,51.52,,27
2006,5.0,0.063,257.86,40.41,61.85,51.13,,27
2006,6.0,0.058,258.39,33.19,65.2,49.19,,27
2006,7.0,0.056,259.7,27.77,67.67,47.72,,27
2006,8.0,0.055,261.43,23.43,68.69,46.06,,27
2006,9.0,0.053,262.76,19.07,70.24,44.66,,27
2006,10.0,0.057,264.92,17.77,68.0,42.88,,27
2006,11.0,0.064,267.89,17.97,62.07,40.02,,27
2006,12.0,0.077,271.0,19.53,59.34,39.44,,27
2006,13.0,0.099,274.59,23.62,56.6,40.11,,27
2006,14.0,0.128,278.86,29.02,50.04,39.53,,27
2006,15.0,0.158,282.43,31.23,47.71,39.47,,27
2006,16.0,0.19,285.25,32.51,49.0,40.76,,27
2006,17.0,0.22,287.63,31.32,52.76,42.04,,27
2006,18.0,0.252,289.52,29.72,54.97,42.35,,27
2006,19.0,0.287,290.74,27.36,58.53,42.94,,27
2006,20.0,0.323,291.58,26.64,63.04,44.84,,27
2006,21.0,0.358,292.21,28.39,65.45,46.92,,27
2006,22.0,0.389,292.51,32.41,66.3,49.36,,27
2006,23.0,0.422,293.21,41.63,63.79,52.71,,27
2006,24.0,0.45,294.21,53.17,57.82,55.49,,27
2006,25.0,0.472,295.13,65.23,52.24,58.74,,27
2006,26.0,0.489,295.8,76.0,47.76,61.88,,27
2006,27.0,0.494,296.07,80.54,48.31,64.43,,27
2006,28.0,0.487,295.93,79.73,53.55,66.64,,27
2006,29.0,0.478,295.74,77.68,59.37,68.52,,27
2006,30.0,0.466,295.38,74.48,65.11,69.8,,27
2006,31.0,0.453,295.07,71.37,67.18,69.27,,27
2006,32.0,0.436,294.65,65.3,67.76,66.53,,27
2006,33.0,0.414,293.78,57.64,68.59,63.12,,27
2006,34.0,0.397,292.89,53.57,65.33,59.45,,27
2006,35.0,0.389,292.02,56.92,59.51,58.21,,27
2006,36.0,0.381,291.26,61.63,50.18,55.9,,27
2006,37.0,0.372,290.53,69.13,40.34,54.74,,27
2006,38.0,0.363,289.4,76.26,34.84,55.55,,27
2006,39.0,0.352,288.3,82.65,25.84,54.24,,27
2006,40.0,0.334,286.55,86.67,22.61,54.64,,27
2006,41.0,0.305,284.43,85.23,22.58,53.91,,27
2006,42.0,0.28,282.54,85.71,21.48,53.59,,27
2006,43.0,0.255,280.4,86.92,21.61,54.27,,27
2006,44.0,0.219,278.05,81.9,19.19,50.54,,27
2006,45.0,0.179,275.9,72.36,18.03,45.19,,27
2006,46.0,0.144,274.4,61.87,12.95,37.41,,27
2006,47.0,0.124,273.58,58.38,8.05,33.22,,27
2006,48.0,0.118,273.49,62.69,4.79,33.74,,27
2006,49.0,0.113,273.16,65.15,3.53,34.34,,27
2006,50.0,0.113,272.22,76.29,3.66,39.98,,27
2006,51.0,0.111,271.05,82.03,4.11,43.07,,27
2006,52.0,0.107,270.3,85.78,4.08,44.93,,27
2007,1.0,0.102,268.93,88.94,4.02,46.48,,27
2007,2.0,0.093,267.33,76.63,9.96,43.29,,27
2007,3.0,0.086,266.16,65.22,17.41,41.32,,27
2007,4.0,0.081,265.41,58.68,24.73,41.71,,27
2007,5.0,0.075,264.63,52.98,33.69,43.34,,27
2007,6.0,0.072,264.39,47.13,40.99,44.06,,27
2007,7.0,0.072,264.69,41.78,47.03,44.4,,27
2007,8.0,0.078,266.06,40.06,49.01,44.53,,27
2007,9.0,0.092,268.84,44.2,43.55,43.88,,27
2007,10.0,0.116,272.76,53.05,33.42,43.24,,27
2007,11.0,0.146,276.58,62.74,22.32,42.53,,27
2007,12.0,0.173,279.73,68.62,18.36,43.49,,27
2007,13.0,0.198,282.75,73.82,14.32,44.07,,27
2007,14.0,0.227,285.36,79.55,11.04,45.29,,27
2007,15.0,0.252,286.89,80.37,15.17,47.77,,27
2007,16.0,0.282,288.52,79.68,21.49,50.59,,27
2007,17.0,0.314,290.52,77.6,24.86,51.23,,27
2007,18.0,0.349,292.52,77.2,23.9,50.55,,27
2007,19.0,0.385,294.31,77.61,20.7,49.16,,27
2007,20.0,0.421,295.51,80.15,20.88,50.51,,27
2007,21.0,0.449,296.45,81.91,20.53,51.22,,27
2007,22.0,0.468,297.11,81.44,18.76,50.1,,27
2007,23.0,0.482,297.56,80.71,18.13,49.42,,27
2007,24.0,0.488,297.44,78.0,22.49,50.24,,27
2007,25.0,0.489,297.13,75.58,29.6,52.59,,27
2007,26.0,0.489,297.26,75.07,31.73,53.4,,27
2007,27.0,0.487,297.48,74.94,33.62,54.28,,27
2007,28.0,0.482,297.27,75.39,40.09,57.74,,27
2007,29.0,0.476,297.11,76.3,45.94,61.12,,27
2007,30.0,0.465,297.06,73.81,49.33,61.57,,27
2007,31.0,0.45,296.87,69.42,50.06,59.74,,27
2007,32.0,0.437,296.91,66.02,45.18,55.6,,27
2007,33.0,0.421,296.73,61.75,37.15,49.45,,27
2007,34.0,0.403,296.17,57.03,26.72,41.88,,27
2007,35.0,0.388,295.37,55.59,18.52,37.05,,27
2007,36.0,0.375,294.42,57.93,12.76,35.34,,27
2007,37.0,0.356,292.95,60.11,11.52,35.82,,27
2007,38.0,0.338,291.41,62.55,10.1,36.32,,27
2007,39.0,0.316,289.57,62.03,10.21,36.12,,27
2007,40.0,0.292,287.55,61.33,10.61,35.97,,27
2007,41.0,0.266,285.0,60.61,15.81,38.21,,27
2007,42.0,0.233,281.8,56.06,31.16,43.61,,27
2007,43.0,0.197,278.17,49.89,45.0,47.45,,27
2007,44.0,0.164,274.28,45.43,52.5,48.96,,27
2007,45.0,0.131,270.09,38.15,60.72,49.44,,27
2007,46.0,0.101,266.45,28.81,61.97,45.39,,27
2007,47.0,0.078,263.31,20.08,62.56,41.32,,27
2007,48.0,0.065,261.53,17.17,59.93,38.55,,27
2007,49.0,0.061,260.64,18.88,56.2,37.54,,27
2007,50.0,0.059,260.21,22.97,52.96,37.96,,27
2007,51.0,0.066,260.88,35.27,46.22,40.74,,27
2007,52.0,0.076,261.85,51.38,38.99,45.19,,27
2008,1.0,0.089,263.32,75.57,27.38,51.47,,27
2008,2.0,0.103,265.29,88.01,17.96,52.99,,27
2008,3.0,0.114,267.11,93.98,12.08,53.03,,27
2008,4.0,0.117,268.84,94.45,8.96,51.7,,27
2008,5.0,0.117,270.08,92.05,10.01,51.03,,27
2008,6.0,0.12,271.36,88.99,11.27,50.13,,27
2008,7.0,0.126,273.03,83.91,10.19,47.05,,27
2008,8.0,0.132,274.53,77.51,9.76,43.64,,27
2008,9.0,0.133,275.56,70.13,11.73,40.93,,27
2008,10.0,0.138,276.86,65.53,14.37,39.95,,27
2008,11.0,0.152,278.86,65.75,11.83,38.79,,27
2008,12.0,0.165,280.55,64.96,14.91,39.93,,27
2008,13.0,0.182,282.41,65.6,16.59,41.1,,27
2008,14.0,0.208,284.55,69.9,16.39,43.15,,27
2008,15.0,0.245,286.72,76.54,16.58,46.56,,27
2008,16.0,0.292,288.41,84.53,22.25,53.39,,27
2008,17.0,0.334,289.6,87.13,33.72,60.43,,27
2008,18.0,0.368,290.67,86.2,43.15,64.68,,27
2008,19.0,0.399,291.93,85.07,45.98,65.53,,27
2008,20.0,0.422,292.93,80.77,48.59,64.68,,27
2008,21.0,0.444,293.68,78.77,50.07,64.42,,27
2008,22.0,0.463,294.07,77.95,50.41,64.18,,27
2008,23.0,0.48,294.77,79.27,47.64,63.45,,27
2008,24.0,0.496,295.65,83.3,42.2,62.75,,27
2008,25.0,0.501,295.9,84.16,43.68,63.92,,27
2008,26.0,0.503,296.34,84.76,41.92,63.34,,27
2008,27.0,0.5,296.87,83.88,40.01,61.95,,27
2008,28.0,0.492,296.99,81.83,42.9,62.36,,27
2008,29.0,0.485,297.3,81.76,44.05,62.91,,27
2008,30.0,0.475,297.63,79.88,43.81,61.84,,27
2008,31.0,0.457,296.83,73.66,50.36,62.01,,27
2008,32.0,0.446,296.5,71.44,49.22,60.33,,27
2008,33.0,0.428,296.7,66.22,37.32,51.77,,27
2008,34.0,0.399,295.94,54.94,29.24,42.09,,27
2008,35.0,0.366,294.65,44.23,27.25,35.74,,27
2008,36.0,0.33,292.8,35.37,31.83,33.6,,27
2008,37.0,0.295,290.78,29.02,37.28,33.15,,27
2008,38.0,0.268,289.14,25.61,38.12,31.86,,27
2008,39.0,0.25,287.8,26.17,32.47,29.32,,27
2008,40.0,0.239,286.57,31.48,22.44,26.96,,27
2008,41.0,0.228,285.22,37.67,12.49,25.08,,27
2008,42.0,0.219,284.0,47.32,4.45,25.88,,27
2008,43.0,0.207,282.24,56.75,2.99,29.87,,27
2008,44.0,0.189,279.6,62.8,5.63,34.21,,27
2008,45.0,0.175,277.19,69.69,8.73,39.21,,27
2008,46.0,0.153,274.94,68.53,9.72,39.12,,27
2008,47.0,0.125,271.28,59.68,19.97,39.83,,27
2008,48.0,0.102,267.36,49.51,32.9,41.21,,27
2008,49.0,0.083,263.81,40.63,43.0,41.82,,27
2008,50.0,0.068,261.34,33.0,48.44,40.72,,27
2008,51.0,0.059,259.54,28.57,51.84,40.2,,27
2008,52.0,0.056,258.07,28.16,55.0,41.58,,27
2009,1.0,0.049,256.53,24.71,57.75,41.23,,27
2009,2.0,0.044,255.85,18.4,61.36,39.88,,27
2009,3.0,0.042,256.37,17.46,61.38,39.42,,27
2009,4.0,0.041,257.49,17.06,59.41,38.23,,27
2009,5.0,0.04,259.1,18.79,57.01,37.9,,27
2009,6.0,0.043,261.01,20.98,55.01,38.0,,27
2009,7.0,0.049,263.21,23.65,53.36,38.51,,27
2009,8.0,0.058,265.37,26.4,51.81,39.1,,27
2009,9.0,0.07,267.3,30.75,50.44,40.6,,27
2009,10.0,0.087,269.8,36.04,47.11,41.58,,27
2009,11.0,0.11,273.48,42.86,37.45,40.16,,27
2009,12.0,0.137,277.21,50.23,31.32,40.77,,27
2009,13.0,0.166,280.8,57.65,25.63,41.64,,27
2009,14.0,0.203,284.18,67.18,18.97,43.08,,27
2009,15.0,0.237,287.18,72.37,13.67,43.02,,27
2009,16.0,0.268,289.7,72.1,12.04,42.07,,27
2009,17.0,0.294,291.54,67.97,15.76,41.87,,27
2009,18.0,0.321,293.03,63.54,19.56,41.55,,27
2009,19.0,0.352,294.55,60.66,19.02,39.84,,27
2009,20.0,0.387,295.62,61.53,20.57,41.05,,27
2009,21.0,0.422,296.17,65.73,24.04,44.88,,27
2009,22.0,0.451,296.76,70.76,22.69,46.73,,27
2009,23.0,0.474,297.68,75.45,17.36,46.41,,27
2009,24.0,0.489,298.31,78.29,13.98,46.13,,27
2009,25.0,0.495,298.34,79.86,16.9,48.38,,27
2009,26.0,0.494,298.15,78.86,22.64,50.75,,27
2009,27.0,0.494,298.17,80.13,26.82,53.47,,27
2009,28.0,0.487,297.97,78.83,33.19,56.01,,27
2009,29.0,0.476,297.62,76.1,40.99,58.54,,27
2009,30.0,0.467,297.41,75.33,46.05,60.69,,27
2009,31.0,0.458,297.28,74.07,46.19,60.13,,27
2009,32.0,0.446,296.9,71.8,45.31,58.55,,27
2009,33.0,0.431,296.57,68.05,38.95,53.5,,27
2009,34.0,0.411,296.31,61.79,25.11,43.45,,27
2009,35.0,0.388,295.78,56.1,13.89,35.0,,27
2009,36.0,0.362,294.56,51.86,11.49,31.68,,27
2009,37.0,0.334,292.86,49.2,12.9,31.05,,27
2009,38.0,0.307,290.73,46.15,18.3,32.22,,27
2009,39.0,0.275,287.98,39.9,29.79,34.85,,27
2009,40.0,0.244,285.41,34.22,37.4,35.81,,27
2009,41.0,0.208,282.59,25.87,46.29,36.08,,27
2009,42.0,0.172,279.16,18.31,62.14,40.22,,27
2009,43.0,0.137,275.33,12.52,73.22,42.87,,27
2009,44.0,0.105,271.64,7.87,74.78,41.32,,27
2009,45.0,0.082,268.67,5.08,70.86,37.97,,27
2009,46.0,0.068,265.84,4.92,65.7,35.31,,27
2009,47.0,0.06,262.68,6.24,66.09,36.17,,27
2009,48.0,0.056,260.02,9.7,67.23,38.46,,27
2009,49.0,0.054,257.43,12.86,69.76,41.31,,27
2009,50.0,0.054,254.28,16.55,76.81,46.68,,27
2009,51.0,0.053,251.97,19.73,82.24,50.98,,27
2009,52.0,0.051,250.4,20.93,85.66,53.3,,27
2010,1.0,0.039,250.25,11.34,81.74,46.54,,27
2010,2.0,0.037,250.4,10.49,81.09,45.79,,27
2010,3.0,0.034,249.91,9.43,84.19,46.81,,27
2010,4.0,0.033,250.05,9.74,84.66,47.2,,27
2010,5.0,0.03,250.39,9.48,84.97,47.22,,27
2010,6.0,0.029,251.77,8.41,83.65,46.03,,27
2010,7.0,0.029,253.77,7.85,83.18,45.52,,27
2010,8.0,0.031,256.46,7.72,81.86,44.79,,27
2010,9.0,0.036,259.56,8.92,77.74,43.33,,27
2010,10.0,0.046,263.13,11.83,72.39,42.11,,27
2010,11.0,0.061,266.67,16.63,65.45,41.04,,27
2010,12.0,0.082,271.57,22.04,55.06,38.55,,27
2010,13.0,0.109,276.93,29.05,43.2,36.13,,27
2010,14.0,0.144,281.63,37.15,32.21,34.68,,27
2010,15.0,0.18,285.85,42.88,21.83,32.35,,27
2010,16.0,0.218,288.77,46.97,18.71,32.84,,27
2010,17.0,0.257,290.74,49.58,22.43,36.0,,27
2010,18.0,0.292,292.43,49.39,25.03,37.21,,27
2010,19.0,0.33,294.15,49.56,22.96,36.26,,27
2010,20.0,0.368,295.43,51.25,22.41,36.83,,27
2010,21.0,0.405,296.34,55.85,22.32,39.08,,27
2010,22.0,0.435,297.13,60.19,19.28,39.73,,27
2010,23.0,0.456,297.85,62.36,16.14,39.25,,27
2010,24.0,0.467,298.61,62.85,11.76,37.3,,27
2010,25.0,0.47,299.24,62.69,8.55,35.62,,27
2010,26.0,0.469,299.91,61.33,6.11,33.72,,27
2010,27.0,0.467,300.63,61.32,5.04,33.18,,27
2010,28.0,0.457,301.19,59.02,5.46,32.24,,27
2010,29.0,0.447,301.8,57.14,5.58,31.36,,27
2010,30.0,0.436,302.38,55.76,5.2,30.48,,27
2010,31.0,0.415,302.23,48.09,5.58,26.84,,27
2010,32.0,0.393,301.43,39.92,6.69,23.31,,27
2010,33.0,0.375,299.96,35.17,8.5,21.83,,27
2010,34.0,0.364,297.7,35.56,12.28,23.92,,27
2010,35.0,0.358,295.54,40.07,17.72,28.89,,27
2010,36.0,0.349,293.28,44.44,26.29,35.36,,27
2010,37.0,0.345,291.45,54.21,29.44,41.82,,27
2010,38.0,0.338,289.77,62.4,30.52,46.46,,27
2010,39.0,0.325,287.57,66.93,35.69,51.31,,27
2010,40.0,0.305,284.99,68.52,43.8,56.16,,27
2010,41.0,0.281,282.83,69.2,44.36,56.78,,27
2010,42.0,0.254,281.37,68.96,36.23,52.59,,27
2010,43.0,0.228,280.01,69.47,25.72,47.6,,27
2010,44.0,0.196,277.91,66.29,20.78,43.54,,27
2010,45.0,0.165,275.05,61.98,24.68,43.33,,27
2010,46.0,0.139,272.11,57.29,27.25,42.27,,27
2010,47.0,0.114,268.22,49.63,36.32,42.97,,27
2010,48.0,0.094,264.39,40.97,46.01,43.49,,27
2010,49.0,0.076,261.03,31.72,53.3,42.51,,27
2010,50.0,0.066,258.53,28.67,58.33,43.5,,27
2010,51.0,0.059,256.83,25.74,61.43,43.59,,27
2010,52.0,0.052,255.54,22.24,64.21,43.23,,27
2011,1.0,0.045,254.79,18.91,64.05,41.48,,27
2011,2.0,0.042,255.55,16.02,61.29,38.65,,27
2011,3.0,0.041,256.98,14.82,57.43,36.12,,27
2011,4.0,0.041,258.42,16.48,54.71,35.6,,27
2011,5.0,0.044,259.58,21.23,54.66,37.94,,27
2011,6.0,0.049,260.63,24.95,56.38,40.66,,27
2011,7.0,0.058,262.78,29.34,55.06,42.2,,27
2011,8.0,0.064,264.77,29.72,54.5,42.11,,27
2011,9.0,0.073,266.73,32.07,53.02,42.55,,27
2011,10.0,0.087,269.68,35.81,47.39,41.6,,27
2011,11.0,0.104,272.73,39.55,40.53,40.04,,27
2011,12.0,0.129,275.97,46.3,36.54,41.42,,27
2011,13.0,0.156,279.14,52.62,33.21,42.91,,27
2011,14.0,0.184,282.28,57.64,29.43,43.54,,27
2011,15.0,0.212,285.85,59.31,22.44,40.88,,27
2011,16.0,0.239,289.16,57.97,15.87,36.92,,27
2011,17.0,0.271,291.87,56.66,11.99,34.33,,27
2011,18.0,0.307,293.9,56.49,10.23,33.36,,27
2011,19.0,0.345,295.19,57.02,11.96,34.49,,27
2011,20.0,0.383,296.38,59.3,12.3,35.8,,27
2011,21.0,0.418,297.41,63.18,10.91,37.05,,27
2011,22.0,0.444,298.11,65.24,8.97,37.11,,27
2011,23.0,0.458,298.37,63.61,10.29,36.95,,27
2011,24.0,0.46,297.97,58.12,17.38,37.75,,27
2011,25.0,0.462,297.48,57.12,26.19,41.66,,27
2011,26.0,0.468,297.31,61.34,31.56,46.45,,27
2011,27.0,0.473,297.0,65.92,38.95,52.44,,27
2011,28.0,0.48,296.89,74.53,44.02,59.27,,27
2011,29.0,0.484,296.79,81.7,49.13,65.41,,27
2011,30.0,0.487,296.55,87.36,54.17,70.76,,27
2011,31.0,0.487,296.27,91.4,55.83,73.61,,27
2011,32.0,0.48,295.64,91.92,57.99,74.96,,27
2011,33.0,0.475,295.15,92.97,54.09,73.53,,27
2011,34.0,0.472,295.1,94.86,39.32,67.09,,27
2011,35.0,0.462,294.78,95.49,25.68,60.58,,27
2011,36.0,0.446,293.99,95.0,17.79,56.39,,27
2011,37.0,0.418,292.78,92.66,13.76,53.21,,27
2011,38.0,0.387,291.28,88.85,11.77,50.31,,27
2011,39.0,0.355,289.41,83.88,12.09,47.99,,27
2011,40.0,0.321,287.14,78.98,16.01,47.5,,27
2011,41.0,0.292,284.95,77.19,16.9,47.05,,27
2011,42.0,0.265,282.93,76.61,17.56,47.09,,27
2011,43.0,0.242,281.03,78.69,15.28,46.99,,27
2011,44.0,0.224,279.3,84.23,8.21,46.22,,27
2011,45.0,0.205,277.37,88.34,7.33,47.84,,27
2011,46.0,0.185,275.61,89.73,5.43,47.58,,27
2011,47.0,0.166,274.25,89.29,4.19,46.74,,27
2011,48.0,0.153,273.07,89.08,6.08,47.58,,27
2011,49.0,0.143,272.01,88.74,7.56,48.15,,27
2011,50.0,0.13,271.22,89.62,6.91,48.27,,27
2011,51.0,0.116,269.9,84.98,8.01,46.49,,27
2011,52.0,0.102,267.98,78.33,12.51,45.42,,27
2012,1.0,0.09,265.51,71.19,18.42,44.8,,27
2012,2.0,0.078,262.67,58.0,28.98,43.49,,27
2012,3.0,0.069,260.05,46.18,42.71,44.45,,27
2012,4.0,0.063,258.6,39.4,52.91,46.16,,27
2012,5.0,0.061,258.72,38.52,57.48,48.0,,27
2012,6.0,0.061,259.65,35.81,59.77,47.79,,27
2012,7.0,0.057,260.8,29.15,62.93,46.04,,27
2012,8.0,0.059,262.86,26.38,62.19,44.29,,27
2012,9.0,0.062,264.61,24.88,61.65,43.26,,27
2012,10.0,0.071,267.13,26.42,57.83,42.12,,27
2012,11.0,0.091,270.81,32.51,48.23,40.37,,27
2012,12.0,0.117,274.42,39.8,42.86,41.33,,27
2012,13.0,0.141,277.92,44.83,38.73,41.78,,27
2012,14.0,0.168,281.21,49.45,35.0,42.23,,27
2012,15.0,0.202,284.66,54.38,30.4,42.39,,27
2012,16.0,0.243,287.99,59.71,24.74,42.23,,27
2012,17.0,0.296,290.91,68.75,20.31,44.53,,27
2012,18.0,0.343,292.9,73.61,19.86,46.73,,27
2012,19.0,0.383,294.31,75.39,20.84,48.11,,27
2012,20.0,0.41,295.09,72.9,25.79,49.35,,27
2012,21.0,0.427,295.36,67.23,32.49,49.86,,27
2012,22.0,0.461,295.87,75.01,31.84,53.42,,27
2012,23.0,0.478,296.23,76.19,32.47,54.33,,27
2012,24.0,0.487,296.41,76.08,34.39,55.23,,27
2012,25.0,0.493,296.57,78.06,36.78,57.42,,27
2012,26.0,0.496,296.66,79.46,39.08,59.27,,27
2012,27.0,0.497,297.31,80.95,35.61,58.28,,27
2012,28.0,0.498,297.65,84.76,36.29,60.52,,27
2012,29.0,0.49,297.6,83.76,41.1,62.43,,27
2012,30.0,0.483,297.5,83.81,45.05,64.43,,27
2012,31.0,0.476,297.31,83.92,45.77,64.85,,27
2012,32.0,0.466,296.73,82.11,46.9,64.51,,27
2012,33.0,0.452,295.74,78.99,47.7,63.35,,27
2012,34.0,0.435,294.65,74.31,44.46,59.38,,27
2012,35.0,0.417,293.51,71.05,41.27,56.16,,27
2012,36.0,0.404,292.76,73.34,32.38,52.86,,27
2012,37.0,0.388,291.87,76.97,24.38,50.67,,27
2012,38.0,0.364,290.59,76.53,20.35,48.44,,27
2012,39.0,0.336,288.99,73.35,17.75,45.55,,27
2012,40.0,0.308,287.34,71.16,14.18,42.67,,27
2012,41.0,0.274,285.58,65.86,11.48,38.67,,27
2012,42.0,0.238,283.31,59.68,14.55,37.12,,27
2012,43.0,0.213,280.95,60.43,16.74,38.58,,27
2012,44.0,0.196,279.17,65.95,10.89,38.42,,27
2012,45.0,0.18,276.85,70.61,11.79,41.2,,27
2012,46.0,0.162,274.46,71.54,13.15,42.34,,27
2012,47.0,0.138,271.84,66.13,17.46,41.79,,27
2012,48.0,0.112,268.11,55.44,29.19,42.32,,27
2012,49.0,0.09,263.77,43.89,42.16,43.03,,27
2012,50.0,0.073,259.43,35.0,54.64,44.82,,27
2012,51.0,0.058,256.09,24.55,64.2,44.38,,27
2012,52.0,0.051,254.62,19.93,67.81,43.87,,27
2013,1.0,0.053,254.33,24.77,66.49,45.63,,27
2013,2.0,0.047,253.91,19.75,67.71,43.73,,27
2013,3.0,0.042,253.62,15.42,70.42,42.92,,27
2013,4.0,0.041,253.68,16.75,73.18,44.96,,27
2013,5.0,0.044,255.32,21.28,70.8,46.04,,27
2013,6.0,0.046,257.2,22.79,68.81,45.8,,27
2013,7.0,0.05,259.31,23.4,68.04,45.72,,27
2013,8.0,0.057,262.06,25.3,65.01,45.15,,27
2013,9.0,0.067,264.39,27.49,62.4,44.95,,27
2013,10.0,0.076,266.42,28.21,61.06,44.63,,27
2013,11.0,0.087,267.74,28.9,63.18,46.04,,27
2013,12.0,0.1,269.43,29.79,65.59,47.69,,27
2013,13.0,0.12,272.47,32.41,65.69,49.05,,27
2013,14.0,0.148,276.43,36.88,63.21,50.04,,27
2013,15.0,0.188,281.34,44.03,56.38,50.21,,27
2013,16.0,0.235,286.08,52.71,44.83,48.77,,27
2013,17.0,0.282,289.73,59.07,37.29,48.18,,27
2013,18.0,0.329,292.09,64.76,32.6,48.68,,27
2013,19.0,0.368,293.53,66.24,32.0,49.12,,27
2013,20.0,0.402,294.8,67.23,30.73,48.98,,27
2013,21.0,0.43,295.93,68.51,28.05,48.28,,27
2013,22.0,0.451,296.64,68.33,25.13,46.73,,27
2013,23.0,0.469,297.07,69.63,24.92,47.28,,27
2013,24.0,0.483,297.48,71.73,24.16,47.95,,27
2013,25.0,0.488,297.85,72.29,23.09,47.69,,27
2013,26.0,0.487,297.91,70.96,25.29,48.12,,27
2013,27.0,0.485,297.61,70.04,32.43,51.23,,27
2013,28.0,0.481,297.2,69.57,40.9,55.24,,27
2013,29.0,0.476,296.88,70.26,48.28,59.27,,27
2013,30.0,0.47,296.81,71.08,51.73,61.41,,27
2013,31.0,0.46,296.62,70.05,52.54,61.3,,27
2013,32.0,0.443,296.11,65.07,53.31,59.19,,27
2013,33.0,0.423,295.34,59.37,52.45,55.91,,27
2013,34.0,0.396,293.98,51.0,53.49,52.24,,27
2013,35.0,0.36,291.63,40.51,65.2,52.86,,27
2013,36.0,0.329,289.5,35.48,71.0,53.24,,27
2013,37.0,0.3,287.67,33.05,73.64,53.34,,27
2013,38.0,0.277,285.92,32.14,76.83,54.48,,27
2013,39.0,0.258,284.27,32.59,76.82,54.71,,27
2013,40.0,0.242,282.66,35.11,72.99,54.05,,27
2013,41.0,0.223,281.3,36.85,63.67,50.26,,27
2013,42.0,0.207,280.25,41.02,48.57,44.8,,27
2013,43.0,0.188,279.03,44.95,34.88,39.92,,27
2013,44.0,0.169,277.62,48.27,24.2,36.24,,27
2013,45.0,0.158,276.19,55.17,17.48,36.33,,27
2013,46.0,0.143,273.66,57.68,18.09,37.88,,27
2013,47.0,0.122,271.06,53.64,21.15,37.4,,27
2013,48.0,0.104,268.44,49.05,27.17,38.1,,27
2013,49.0,0.088,265.67,42.36,33.77,38.07,,27
2013,50.0,0.078,263.72,40.49,37.53,39.01,,27
2013,51.0,0.069,261.31,36.47,43.13,39.8,,27
2013,52.0,0.068,260.08,38.12,45.35,41.73,,27
2014,1.0,0.068,258.83,42.02,47.21,44.62,,27
2014,2.0,0.067,257.49,41.34,51.9,46.62,,27
2014,3.0,0.068,256.69,41.43,57.06,49.25,,27
2014,4.0,0.074,257.14,48.23,58.46,53.35,,27
2014,5.0,0.084,259.72,58.03,52.49,55.26,,27
2014,6.0,0.097,263.85,65.92,41.5,53.71,,27
2014,7.0,0.113,268.32,71.45,29.79,50.62,,27
2014,8.0,0.134,272.51,76.58,18.32,47.45,,27
2014,9.0,0.16,276.17,83.05,8.64,45.85,,27
2014,10.0,0.184,279.63,86.89,3.23,45.06,,27
2014,11.0,0.204,282.21,87.69,1.52,44.61,,27
2014,12.0,0.222,284.17,88.21,2.3,45.26,,27
2014,13.0,0.238,285.76,88.13,3.35,45.74,,27
2014,14.0,0.256,287.33,88.28,4.78,46.53,,27
2014,15.0,0.278,288.55,87.59,8.89,48.24,,27
2014,16.0,0.304,290.1,85.75,14.45,50.1,,27
2014,17.0,0.336,291.6,83.97,21.39,52.68,,27
2014,18.0,0.366,292.83,81.43,26.08,53.76,,27
2014,19.0,0.394,294.12,78.91,26.61,52.75,,27
2014,20.0,0.418,294.81,75.77,31.07,53.42,,27
2014,21.0,0.438,295.02,72.93,37.67,55.3,,27
2014,22.0,0.455,295.3,70.79,38.82,54.8,,27
2014,23.0,0.474,295.81,73.0,37.99,55.5,,27
2014,24.0,0.486,295.95,73.92,40.57,57.24,,27
2014,25.0,0.491,296.08,74.56,42.9,58.73,,27
2014,26.0,0.492,296.22,74.57,43.77,59.17,,27
2014,27.0,0.493,296.46,75.04,44.29,59.66,,27
2014,28.0,0.491,296.68,75.52,45.84,60.68,,27
2014,29.0,0.488,297.07,77.15,46.12,61.63,,27
2014,30.0,0.481,297.41,77.1,45.84,61.47,,27
2014,31.0,0.469,297.4,74.4,44.84,59.62,,27
2014,32.0,0.453,297.12,70.39,43.1,56.75,,27
2014,33.0,0.433,296.51,65.14,39.84,52.49,,27
2014,34.0,0.413,295.8,60.51,32.17,46.34,,27
2014,35.0,0.387,294.78,54.82,27.45,41.13,,27
2014,36.0,0.364,293.68,52.69,23.73,38.21,,27
2014,37.0,0.341,292.72,53.36,17.55,35.46,,27
2014,38.0,0.318,291.38,52.81,14.12,33.47,,27
2014,39.0,0.292,289.24,50.02,17.37,33.69,,27
2014,40.0,0.27,286.82,49.68,22.06,35.87,,27
2014,41.0,0.249,284.54,50.48,24.4,37.44,,27
2014,42.0,0.222,282.23,49.56,26.32,37.94,,27
2014,43.0,0.195,280.14,49.11,24.35,36.73,,27
2014,44.0,0.168,277.91,48.08,21.85,34.96,,27
2014,45.0,0.154,275.78,53.1,20.38,36.74,,27
2014,46.0,0.136,272.96,53.15,22.46,37.8,,27
2014,47.0,0.116,270.22,49.27,25.64,37.46,,27
2014,48.0,0.097,267.44,43.11,31.94,37.51,,27
2014,49.0,0.084,264.62,38.49,38.5,38.48,,27
2014,50.0,0.079,262.87,40.74,41.31,41.03,,27
2014,51.0,0.076,261.09,42.96,44.45,43.71,,27
2014,52.0,0.077,259.93,47.86,46.45,47.16,,27
2015,1.0,0.081,259.51,56.39,44.99,50.69,,27
2015,2.0,0.082,259.27,56.9,44.63,50.77,,27
2015,3.0,0.078,259.44,51.81,45.04,48.43,,27
2015,4.0,0.078,260.34,51.57,44.21,47.89,,27
2015,5.0,0.082,262.29,54.76,41.07,47.91,,27
2015,6.0,0.087,264.66,55.93,37.58,46.76,,27
2015,7.0,0.095,267.31,56.09,33.42,44.75,,27
2015,8.0,0.107,270.5,57.22,26.68,41.95,,27
2015,9.0,0.123,273.84,60.14,18.73,39.44,,27
2015,10.0,0.14,277.25,62.48,13.39,37.94,,27
2015,11.0,0.161,280.39,65.83,9.11,37.47,,27
2015,12.0,0.18,282.62,67.68,8.83,38.26,,27
2015,13.0,0.194,284.39,67.02,9.75,38.38,,27
2015,14.0,0.211,286.54,66.8,9.17,37.99,,27
2015,15.0,0.236,288.85,67.12,6.88,37.0,,27
2015,16.0,0.262,291.24,65.53,5.64,35.59,,27
2015,17.0,0.293,293.44,64.09,5.49,34.79,,27
2015,18.0,0.326,294.73,63.28,8.23,35.76,,27
2015,19.0,0.358,295.69,60.84,11.15,35.99,,27
2015,20.0,0.391,296.56,61.35,13.25,37.3,,27
2015,21.0,0.423,297.38,63.85,13.46,38.66,,27
2015,22.0,0.445,297.66,64.71,15.01,39.86,,27
2015,23.0,0.469,298.09,68.91,14.68,41.79,,27
2015,24.0,0.486,298.3,73.58,15.72,44.65,,27
2015,25.0,0.494,298.06,76.39,20.85,48.62,,27
2015,26.0,0.496,297.66,76.99,28.1,52.54,,27
2015,27.0,0.498,297.26,78.17,36.09,57.13,,27
2015,28.0,0.498,297.09,79.72,41.78,60.75,,27
2015,29.0,0.494,296.9,80.14,47.83,63.99,,27
2015,30.0,0.487,296.95,79.92,50.11,65.01,,27
2015,31.0,0.479,297.15,79.75,47.15,63.45,,27
2015,32.0,0.463,297.24,75.56,41.72,58.64,,27
2015,33.0,0.444,297.08,70.3,33.7,52.0,,27
2015,34.0,0.421,296.29,64.45,26.45,45.45,,27
2015,35.0,0.393,295.09,57.77,23.75,40.76,,27
2015,36.0,0.368,293.99,54.88,20.25,37.57,,27
2015,37.0,0.347,292.63,55.77,18.38,37.08,,27
2015,38.0,0.328,291.04,57.48,17.96,37.72,,27
2015,39.0,0.308,289.15,57.96,18.6,38.28,,27
2015,40.0,0.288,286.76,59.15,23.05,41.1,,27
2015,41.0,0.267,284.4,60.53,26.29,43.41,,27
2015,42.0,0.238,282.0,58.85,29.24,44.05,,27
2015,43.0,0.206,279.35,55.64,32.0,43.82,,27
2015,44.0,0.173,277.16,51.51,27.96,39.73,,27
2015,45.0,0.149,275.25,49.38,23.85,36.62,,27
2015,46.0,0.129,272.72,47.84,23.73,35.78,,27
2015,47.0,0.114,270.85,47.34,22.18,34.74,,27
2015,48.0,0.102,269.42,47.11,22.54,34.79,,27
2015,49.0,0.093,267.89,45.7,24.18,34.92,,27
2015,50.0,0.086,266.26,46.55,26.89,36.72,,27
2015,51.0,0.08,264.18,46.17,31.16,38.67,,27
2015,52.0,0.077,262.3,47.91,35.88,41.89,,27
2016,1.0,0.076,260.17,50.69,41.08,45.88,,27
2016,2.0,0.073,258.86,47.39,45.28,46.33,,27
2016,3.0,0.071,259.0,45.44,46.07,45.75,,27
2016,4.0,0.075,260.15,49.12,44.4,46.76,,27
2016,5.0,0.082,262.98,55.42,37.65,46.53,,27
2016,6.0,0.088,265.74,57.98,32.8,45.39,,27
2016,7.0,0.094,267.86,55.86,31.15,43.51,,27
2016,8.0,0.099,269.3,52.27,32.44,42.36,,27
2016,9.0,0.103,270.2,48.39,36.09,42.24,,27
2016,10.0,0.109,271.31,45.72,40.29,43.01,,27
2016,11.0,0.156,276.6,63.29,25.76,44.52,,27
2016,12.0,0.18,279.61,67.59,22.17,44.88,,27
2016,13.0,0.202,282.45,70.79,19.22,45.0,,27
2016,14.0,0.222,284.81,71.91,18.62,45.27,,27
2016,15.0,0.245,286.74,71.5,20.93,46.21,,27
2016,16.0,0.273,288.84,70.77,24.08,47.43,,27
2016,17.0,0.303,290.23,68.92,33.52,51.22,,27
2016,18.0,0.332,290.84,65.87,45.22,55.55,,27
2016,19.0,0.361,291.89,62.78,49.07,55.91,,27
2016,20.0,0.391,292.95,61.23,50.35,55.78,,27
2016,21.0,0.416,293.66,60.49,51.9,56.19,,27
2016,22.0,0.438,294.18,60.36,50.3,55.33,,27
2016,23.0,0.456,294.65,61.06,49.96,55.51,,27
2016,24.0,0.472,295.41,65.02,46.23,55.63,,27
2016,25.0,0.485,296.24,70.84,40.87,55.86,,27
2016,26.0,0.49,296.62,73.09,39.13,56.11,,27
2016,27.0,0.494,297.06,75.88,37.91,56.89,,27
2016,28.0,0.497,297.39,78.98,38.64,58.81,,27
2016,29.0,0.495,297.51,80.87,41.91,61.39,,27
2016,30.0,0.489,297.44,81.38,45.48,63.43,,27
2016,31.0,0.481,297.27,80.81,45.91,63.36,,27
2016,32.0,0.47,297.07,79.97,43.26,61.62,,27
2016,33.0,0.459,296.79,78.98,36.62,57.8,,27
2016,34.0,0.442,295.77,75.53,32.31,53.92,,27
2016,35.0,0.423,294.73,73.36,27.96,50.66,,27
2016,36.0,0.4,293.62,70.72,24.38,47.55,,27
2016,37.0,0.371,291.75,68.25,28.17,48.21,,27
2016,38.0,0.337,289.49,62.46,35.54,49.0,,27
2016,39.0,0.301,286.79,54.63,46.39,50.51,,27
2016,40.0,0.267,283.78,48.13,59.16,53.65,,27
2016,41.0,0.232,280.61,41.07,72.12,56.6,,27
2016,42.0,0.196,277.43,34.3,80.35,57.33,,27
2016,43.0,0.164,274.5,30.54,79.03,54.78,,27
2016,44.0,0.137,271.88,28.34,71.62,49.98,,27
2016,45.0,0.12,269.35,30.53,65.6,48.07,,27
2016,46.0,0.104,266.54,29.86,61.26,45.56,,27
2016,47.0,0.088,263.69,27.75,60.37,44.06,,27
2016,48.0,0.077,261.55,26.14,59.12,42.61,,27
2016,49.0,0.069,259.69,25.02,59.02,42.01,,27
2016,50.0,0.061,257.55,23.24,62.66,42.95,,27
2016,51.0,0.056,255.76,22.12,66.03,44.07,,27
2016,52.0,0.054,255.35,23.05,65.13,44.09,,27
2017,1.0,0.054,255.62,26.37,61.24,43.81,,27
2017,2.0,0.053,255.54,25.41,61.03,43.22,,27
2017,3.0,0.052,255.7,25.35,61.83,43.59,,27
2017,4.0,0.057,256.48,30.65,61.27,45.96,,27
2017,5.0,0.064,258.86,38.54,55.82,47.18,,27
2017,6.0,0.073,261.95,43.77,49.08,46.42,,27
2017,7.0,0.084,265.89,47.54,39.78,43.66,,27
2017,8.0,0.1,270.08,52.84,28.76,40.8,,27
2017,9.0,0.125,274.22,61.44,17.17,39.3,,27
2017,10.0,0.148,277.89,66.96,10.63,38.8,,27
2017,11.0,0.171,280.62,70.89,8.22,39.55,,27
2017,12.0,0.194,282.74,74.36,8.36,41.36,,27
2017,13.0,0.215,284.87,77.12,7.46,42.29,,27
2017,14.0,0.236,286.77,79.01,7.75,43.38,,27
2017,15.0,0.261,288.13,79.31,11.8,45.55,,27
2017,16.0,0.286,289.67,77.28,18.2,47.74,,27
2017,17.0,0.312,290.76,73.06,29.57,51.32,,27
2017,18.0,0.34,291.77,69.54,36.95,53.24,,27
2017,19.0,0.367,292.91,65.81,39.34,52.58,,27
2017,20.0,0.392,293.84,61.86,41.64,51.75,,27
2017,21.0,0.412,294.32,58.14,45.33,51.74,,27
2017,22.0,0.429,294.7,55.02,45.27,50.14,,27
2017,23.0,0.447,295.44,55.19,42.12,48.65,,27
2017,24.0,0.464,296.18,59.29,38.42,48.86,,27
2017,25.0,0.474,296.25,63.36,41.27,52.32,,27
2017,26.0,0.479,296.32,66.03,43.08,54.56,,27
2017,27.0,0.483,296.5,68.92,44.15,56.53,,27
2017,28.0,0.485,296.47,71.85,48.19,60.02,,27
2017,29.0,0.483,296.33,74.34,53.54,63.94,,27
2017,30.0,0.48,296.5,76.29,54.51,65.4,,27
2017,31.0,0.475,296.82,77.68,50.29,63.98,,27
2017,32.0,0.465,296.95,77.0,44.61,60.8,,27
2017,33.0,0.446,296.3,71.99,41.92,56.95,,27
2017,34.0,0.425,295.28,66.29,37.94,52.11,,27
2017,35.0,0.403,294.32,62.72,32.66,47.69,,27
2017,36.0,0.382,293.1,61.89,30.11,46.0,,27
2017,37.0,0.358,291.06,61.78,35.92,48.85,,27
2017,38.0,0.331,288.8,59.54,43.91,51.72,,27
2017,39.0,0.301,286.56,55.08,49.73,52.41,,27
2017,40.0,0.268,283.73,48.79,60.26,54.52,,27
2017,41.0,0.231,280.8,41.15,69.99,55.57,,27
2017,42.0,0.197,278.08,35.17,73.24,54.2,,27
2017,43.0,0.167,275.41,32.22,70.3,51.26,,27
2017,44.0,0.136,272.79,28.23,64.16,46.2,,27
2017,45.0,0.116,270.57,28.31,57.07,42.69,,27
2017,46.0,0.095,267.71,24.32,54.08,39.2,,27
2017,47.0,0.08,265.61,22.33,50.22,36.27,,27
2017,48.0,0.073,263.76,23.55,49.42,36.47,,27
2017,49.0,0.065,261.44,22.83,52.3,37.56,,27
2017,50.0,0.059,259.8,22.44,54.09,38.26,,27
2017,51.0,0.058,259.11,25.57,52.67,39.11,,27
2017,52.0,0.057,259.17,32.17,48.84,40.5,,27
2018,1.0,0.062,259.46,35.4,45.07,40.23,,27
2018,2.0,0.062,258.98,36.49,44.82,40.65,,27
2018,3.0,0.06,258.57,33.63,50.57,42.1,,27
2018,4.0,0.06,257.49,34.23,57.04,45.63,,27
2018,5.0,0.059,257.08,34.59,62.88,48.74,,27
2018,6.0,0.058,257.86,32.22,68.4,50.31,,27
2018,7.0,0.059,258.58,28.49,73.42,50.96,,27
2018,8.0,0.064,260.05,26.83,76.37,51.6,,27
2018,9.0,0.07,261.68,27.48,75.68,51.58,,27
2018,10.0,0.076,263.61,27.77,72.68,50.23,,27
2018,11.0,0.088,265.98,28.43,70.87,49.65,,27
2018,12.0,0.108,269.59,32.33,65.09,48.71,,27
2018,13.0,0.137,274.25,40.09,55.93,48.01,,27
2018,14.0,0.18,280.35,51.78,42.13,46.95,,27
2018,15.0,0.221,284.85,59.41,33.32,46.37,,27
2018,16.0,0.26,288.43,64.79,26.9,45.84,,27
2018,17.0,0.298,291.0,67.13,26.13,46.63,,27
2018,18.0,0.338,292.69,69.3,26.86,48.08,,27
2018,19.0,0.375,294.22,70.11,25.12,47.62,,27
2018,20.0,0.407,295.25,70.43,26.26,48.35,,27
2018,21.0,0.435,295.84,71.33,28.98,50.16,,27
2018,22.0,0.456,296.5,71.97,26.38,49.18,,27
2018,23.0,0.473,296.73,72.53,28.2,50.36,,27
2018,24.0,0.486,296.62,74.24,32.95,53.59,,27
2018,25.0,0.494,296.57,77.15,36.72,56.94,,27
2018,26.0,0.499,296.42,79.19,40.92,60.05,,27
2018,27.0,0.5,295.94,80.27,49.21,64.74,,27
2018,28.0,0.5,295.68,81.43,55.61,68.52,,27
2018,29.0,0.497,295.84,83.18,57.85,70.51,,27
2018,30.0,0.492,296.05,83.83,58.3,71.07,,27
2018,31.0,0.485,296.11,83.69,56.78,70.23,,27
2018,32.0,0.474,296.48,83.03,48.97,66.0,,27
2018,33.0,0.46,296.58,80.69,38.44,59.57,,27
2018,34.0,0.444,296.16,77.62,27.2,52.41,,27
2018,35.0,0.422,295.61,73.37,16.66,45.02,,27
2018,36.0,0.398,294.82,70.29,9.99,40.14,,27
2018,37.0,0.374,293.45,70.03,8.53,39.28,,27
2018,38.0,0.349,291.43,68.87,12.58,40.73,,27
2018,39.0,0.327,289.57,68.88,12.53,40.71,,27
2018,40.0,0.308,287.86,71.17,8.6,39.88,,27
2018,41.0,0.281,285.6,69.61,10.79,40.2,,27
2018,42.0,0.25,283.57,66.9,10.75,38.82,,27
2018,43.0,0.217,281.12,63.18,14.21,38.69,,27
2018,44.0,0.18,277.9,55.99,21.3,38.64,,27
2018,45.0,0.153,273.53,52.87,35.66,44.26,,27
2018,46.0,0.127,269.77,46.77,41.23,43.99,,27
2018,47.0,0.104,266.88,40.07,42.91,41.49,,27
2018,48.0,0.081,263.96,30.65,47.54,39.06,,27
2018,49.0,0.064,260.59,22.27,54.96,38.59,,27
2018,50.0,0.053,256.9,15.79,65.19,40.49,,27
2018,51.0,0.048,254.21,14.67,72.14,43.41,,27
2018,52.0,0.046,253.19,14.82,73.74,44.28,,27
2019,1.0,0.048,253.01,19.79,71.76,45.77,,27
2019,2.0,0.047,253.59,19.85,68.78,44.32,,27
2019,3.0,0.047,254.51,20.66,66.27,43.47,,27
2019,4.0,0.053,255.84,26.61,63.26,44.94,,27
2019,5.0,0.061,258.4,35.72,56.82,46.27,,27
2019,6.0,0.069,260.53,40.65,53.81,47.23,,27
2019,7.0,0.08,263.27,44.34,49.51,46.93,,27
2019,8.0,0.097,266.9,50.21,41.42,45.81,,27
2019,9.0,0.116,270.62,55.93,31.96,43.95,,27
2019,10.0,0.138,274.8,61.24,22.85,42.05,,27
2019,11.0,0.162,278.59,66.27,15.86,41.06,,27
2019,12.0,0.183,281.75,69.41,11.89,40.65,,27
2019,13.0,0.199,284.21,69.9,10.02,39.96,,27
2019,14.0,0.217,286.53,70.06,8.52,39.29,,27
2019,15.0,0.239,288.44,68.87,9.25,39.06,,27
2019,16.0,0.262,290.08,65.94,14.52,40.23,,27
2019,17.0,0.291,291.56,63.32,21.7,42.51,,27
2019,18.0,0.324,292.87,62.34,25.42,43.88,,27
2019,19.0,0.358,294.07,61.31,26.57,43.94,,27
2019,20.0,0.392,295.1,62.34,27.37,44.86,,27
2019,21.0,0.422,296.05,63.85,26.37,45.11,,27
2019,22.0,0.443,296.62,63.79,24.74,44.26,,27
2019,23.0,0.462,297.15,65.78,23.42,44.6,,27
2019,24.0,0.479,297.66,69.69,21.49,45.59,,27
2019,25.0,0.486,297.59,71.47,25.1,48.29,,27
2019,26.0,0.487,297.24,71.1,31.95,51.53,,27
2019,27.0,0.485,296.98,70.6,38.36,54.48,,27
2019,28.0,0.482,296.77,70.5,44.59,57.55,,27
2019,29.0,0.478,296.48,71.26,51.65,61.45,,27
2019,30.0,0.471,296.43,71.44,54.8,63.12,,27
2019,31.0,0.462,296.78,71.05,50.44,60.74,,27
2019,32.0,0.451,296.89,69.85,44.95,57.4,,27
2019,33.0,0.436,296.68,66.68,37.51,52.1,,27
2019,34.0,0.417,296.52,62.99,23.06,43.02,,27
2019,35.0,0.391,295.86,57.13,13.7,35.41,,27
2019,36.0,0.363,294.85,52.59,9.7,31.14,,27
2019,37.0,0.335,293.47,50.25,8.37,29.31,,27
2019,38.0,0.308,291.65,48.03,10.19,29.11,,27
2019,39.0,0.283,289.86,45.31,9.29,27.3,,27
2019,40.0,0.258,288.07,43.0,6.19,24.6,,27
2019,41.0,0.236,286.17,43.66,4.0,23.83,,27
2019,42.0,0.211,284.22,43.53,3.51,23.52,,27
2019,43.0,0.183,282.12,42.23,4.52,23.37,,27
2019,44.0,0.159,279.86,42.58,4.99,23.78,,27
2019,45.0,0.146,277.83,47.83,5.19,26.51,,27
2019,46.0,0.131,275.0,49.33,9.4,29.36,,27
2019,47.0,0.118,272.9,50.77,10.9,30.83,,27
2019,48.0,0.108,271.24,51.59,13.81,32.68,,27
2019,49.0,0.095,269.3,48.31,18.02,33.15,,27
2019,50.0,0.085,267.41,46.39,22.07,34.23,,27
2019,51.0,0.077,265.18,44.71,27.02,35.86,,27
2019,52.0,0.074,263.97,45.58,28.96,37.27,,27
2020,1.0,0.072,263.1,47.9,28.75,38.33,,27
2020,2.0,0.071,262.78,46.83,28.32,37.57,,27
2020,3.0,0.072,263.33,47.45,27.51,37.48,,27
2020,4.0,0.078,264.13,53.24,27.7,40.47,,27
2020,5.0,0.09,266.15,63.79,24.77,44.28,,27
2020,6.0,0.103,268.74,71.32,20.72,46.02,,27
2020,7.0,0.115,271.35,72.81,16.26,44.54,,27
2020,8.0,0.13,274.18,73.8,10.45,42.12,,27
2020,9.0,0.149,276.99,77.07,4.76,40.91,,27
2020,10.0,0.168,279.54,78.46,3.44,40.95,,27
2020,11.0,0.185,281.83,78.9,2.98,40.94,,27
2020,12.0,0.203,284.09,79.19,2.37,40.78,,27
2020,13.0,0.216,285.96,78.26,2.05,40.15,,27
2020,14.0,0.227,287.59,74.87,3.12,39.0,,27
2020,15.0,0.238,288.94,68.8,6.34,37.57,,27
2020,16.0,0.252,290.43,60.91,12.26,36.59,,27
2020,17.0,0.267,291.63,52.19,21.63,36.91,,27
2020,18.0,0.287,292.21,45.24,32.3,38.77,,27
2020,19.0,0.309,292.21,37.21,45.75,41.48,,27
2020,20.0,0.334,292.01,31.69,59.75,45.72,,27
2020,21.0,0.362,292.35,30.46,64.69,47.58,,27
2020,22.0,0.39,293.01,31.89,61.56,46.72,,27
2020,23.0,0.417,294.12,36.69,54.77,45.73,,27
2020,24.0,0.441,295.31,45.16,46.75,45.95,,27
2020,25.0,0.463,296.31,56.55,39.56,48.05,,27
2020,26.0,0.482,296.96,68.26,34.86,51.56,,27
2020,27.0,0.495,297.08,76.92,37.11,57.01,,27
2020,28.0,0.501,297.02,82.54,41.88,62.21,,27
2020,29.0,0.502,297.06,85.73,45.7,65.71,,27
2020,30.0,0.498,297.33,87.06,46.03,66.55,,27
2020,31.0,0.491,297.48,87.04,43.54,65.29,,27
2020,32.0,0.478,297.43,85.36,39.35,62.35,,27
2020,33.0,0.464,297.5,82.52,28.55,55.54,,27
2020,34.0,0.448,297.05,79.65,16.86,48.26,,27
2020,35.0,0.426,295.97,75.78,12.38,44.08,,27
2020,36.0,0.405,294.91,73.78,9.0,41.39,,27
2020,37.0,0.38,293.57,73.19,7.2,40.2,,27
2020,38.0,0.349,291.99,69.05,6.23,37.64,,27
2020,39.0,0.316,290.25,63.16,4.56,33.86,,27
2020,40.0,0.284,288.14,57.97,5.17,31.57,,27
2020,41.0,0.251,285.99,52.42,6.12,29.27,,27
2020,42.0,0.217,283.94,47.3,6.5,26.9,,27
2020,43.0,0.181,281.58,41.29,9.51,25.4,,27
2020,44.0,0.144,278.86,33.36,12.96,23.16,,27
2020,45.0,0.117,275.64,28.63,20.19,24.41,,27
2020,46.0,0.096,271.76,24.95,29.16,27.05,,27
2020,47.0,0.082,269.12,23.16,31.24,27.2,,27
2020,48.0,0.07,266.6,21.0,35.5,28.22,,27
2020,49.0,0.063,264.11,20.29,40.13,30.18,,27
2020,50.0,0.057,262.08,19.63,43.85,31.74,,27
2020,51.0,0.051,259.97,17.67,48.28,32.97,,27
2020,52.0,0.048,258.22,17.48,52.77,35.12,,27
</pre></tt>,,,,,,,,27
